종목,시세,등락률,시가총액(억),거래량(백만)
삼성전자,"60,300",-1.63,"3,599,779","7,794,328"
LG에너지솔루션,"507,000",-0.78,"1,186,380","176,709"
SK하이닉스,"89,300",-1.87,"650,106","1,248,864"
삼성바이오로직스,"770,000",-1.66,"548,040","34,995"
LG화학,"655,000",-2.09,"462,380","120,398"
삼성SDI,"673,000",-1.03,"462,785","115,147"
삼성전자우,"53,700",-1.47,"441,890","450,136"
현대차,"172,500",-0.81,"364,892","291,325"
NAVER,"206,000",-0.96,"337,941","680,621"
기아,"75,500",0.27,"306,049","566,137"
카카오,"61,400",-0.65,"273,546","1,022,106"
POSCO홀딩스,"319,000",-0.93,"269,782","609,601"
삼성물산,"111,000",-1.25,"207,445","137,631"
KB금융,"50,500",-0.39,"206,493","644,192"
셀트리온,"146,400",-1.94,"206,160","282,474"
현대모비스,"213,000",-2.74,"200,827","126,790"
신한지주,"38,250",-1.29,"194,610","706,893"
LG전자,"111,700",-1.5,"182,795","364,251"
포스코케미칼,"219,000",1.62,"169,644","575,950"
SK이노베이션,"151,200",-2.51,"139,808","347,530"
삼성생명,"67,200",-0.88,"134,400","147,139"
하나금융지주,"45,000",-0.66,"133,157","542,197"
SK,"177,600",-1.55,"131,689","136,265"
LG,"82,800",-2.36,"130,245","123,133"
KT&G,"89,600",-0.78,"123,014","163,504"
카카오뱅크,"25,200",-0.2,"120,136","535,621"
고려아연,"591,000",0.51,"117,391","32,086"
한국전력,"18,070",-1.58,"116,003","1,296,144"
HMM,"22,650",-1.74,"110,767","898,062"
삼성전기,"145,900",-1.08,"108,978","150,685"
LG생활건강,"668,000",-0.6,"104,330","35,764"
두산에너빌리티,"16,310",-0.06,"104,108","1,967,472"
삼성화재,"215,500",0.94,"102,093","52,542"
SK텔레콤,"44,850",-0.55,"98,147","376,638"
현대중공업,"108,800",-1.89,"96,585","72,601"
삼성에스디에스,"124,700",-1.66,"96,490","44,979"
엔씨소프트,"430,500",-1.82,"94,512","48,486"
S-Oil,"81,100",-1.22,"91,305","160,317"
우리금융지주,"12,070",-1.95,"87,877","1,372,389"
크래프톤,"172,300",-0.12,"84,836","92,594"
대한항공,"23,000",-0.22,"84,691","558,632"
아모레퍼시픽,"140,400",-3.04,"82,124","248,290"
기업은행,"10,180",-0.2,"81,178","492,221"
카카오페이,"60,300",-1.31,"80,610","213,830"
한화솔루션,"41,600",0,"79,572",-
KT,"29,950",-1.64,"78,203","1,246,004"
롯데케미칼,"178,300",-2.52,"76,269","63,189"
메리츠금융지주,"43,250",-0.8,"75,361","406,126"
하이브,"179,600",-1.97,"74,271","162,365"
LG이노텍,"281,000",-0.71,"66,505","79,214"
KODEX 200,"31,640",-1.43,"60,322","4,026,667"
현대글로비스,"159,600",-0.87,"59,850","64,093"
한국조선해양,"83,000",-2.81,"58,742","132,100"
SK스퀘어,"38,550",-1.91,"54,536","452,380"
F&F,"141,200",-1.19,"54,090","128,934"
LG디스플레이,"15,100",-0.92,"54,030","504,563"
DB손해보험,"75,400",2.03,"53,383","145,804"
SK바이오사이언스,"68,900",-2.82,"52,904","163,896"
삼성엔지니어링,"26,850",0.19,"52,626","455,220"
넷마블,"60,900",-3.33,"52,346","137,249"
SK바이오팜,"64,400",-1.68,"50,434","43,072"
맥쿼리인프라,"12,480",-0.16,"50,525","275,756"
오리온,"127,400",0.79,"50,369","58,648"
삼성중공업,"5,650",-2.08,"49,720","2,841,089"
TIGER CD금리투자KIS(합성),"51,980",0.03,"49,457","96,943"
한온시스템,"9,070",-1.09,"48,416","345,046"
CJ제일제당,"318,000",-2.9,"47,872","43,318"
현대제철,"35,750",-1.92,"47,707","368,039"
HD현대,"60,000",-0.17,"47,396","58,679"
금호석유,"161,900",0.12,"47,460","84,791"
LG유플러스,"10,760",-1.37,"46,979","692,747"
한국타이어앤테크놀로지,"37,350",-1.06,"46,267","96,464"
SK아이이테크놀로지,"64,300",-2.13,"45,844","162,556"
한화에어로스페이스,"88,600",-3.9,"44,858","978,137"
한국항공우주,"44,900",-3.44,"43,766","1,148,123"
강원랜드,"20,350",-0.97,"43,537","389,782"
미래에셋증권,"6,930",-2.94,"42,641","430,043"
메리츠증권,"6,770",-0.59,"41,638","855,293"
현대건설,"37,200",-2.11,"41,424","225,337"
포스코인터내셔널,"23,400",-3.31,"41,166","630,328"
유한양행,"52,500",-1.87,"40,235","147,203"
코웨이,"53,200",-0.56,"39,261","150,528"
두산밥캣,"38,350",-0.39,"38,446","137,016"
GS,"41,100",-2.61,"38,188","88,035"
삼성카드,"30,350",-0.49,"35,163","35,061"
팬오션,"6,530",-1.36,"34,907","2,000,507"
SKC,"91,600",-1.72,"34,687","135,187"
한국금융지주,"59,400",-1.16,"33,101","89,680"
현대차2우B,"91,800",-1.29,"33,159","28,781"
아모레G,"39,800",-3.05,"32,818","294,587"
한미약품,"260,000",-0.38,"32,662","13,158"
롯데지주,"30,700",-0.49,"32,207","99,782"
현대해상,"35,400",1.29,"31,648","362,135"
이마트,"113,400",-2.49,"31,611","54,101"
BGF리테일,"181,100",-0.44,"31,301","15,551"
현대오토에버,"113,100",-1.74,"31,017","40,002"
호텔신라,"78,800",-1.13,"30,928","168,304"
KODEX KOFR금리액티브(합성),"102,230",0.01,"30,788","34,221"
GS리테일,"29,300",-1.51,"30,682","98,749"
TIGER 차이나전기차SOLACTIVE,"11,890",-0.21,"30,191","2,216,638"
NH투자증권,"9,090",-2.05,"30,148","301,212"
한진칼,"45,000",0.9,"30,043","143,771"
삼성증권,"32,650",-0.91,"29,156","110,776"
현대미포조선,"72,300",-3.47,"28,878","194,597"
KODEX 200선물인버스2X,"2,995",2.92,"28,788","149,405,104"
쌍용C&E,"5,710",-0.87,"28,770","434,211"
일진머티리얼즈,"61,400",-0.49,"28,312","177,830"
씨에스윈드,"65,900",-1.49,"27,791","136,518"
현대로템,"25,100",-2.52,"27,395","959,267"
키움증권,"104,300",-1.7,"27,347","25,881"
대우조선해양,"25,250",-2.7,"27,091","288,098"
한국가스공사,"28,750",-7.85,"26,540","914,138"
한화생명,"2,960",4.41,"25,708","6,594,619"
KODEX 종합채권(AA-이상)액티브,"103,770",-0.21,"25,314","1,672"
동원산업,"50,500",-2.7,"25,241","32,218"
에스디바이오센서,"23,650",-1.66,"24,703","189,030"
롯데쇼핑,"86,600",-0.92,"24,498","23,854"
서울가스,"487,000",0.72,"24,350","7,172"
한전기술,"63,500",-0.78,"24,270","41,301"
CJ,"83,300",-0.24,"24,304","40,943"
한화시스템,"12,390",-1.51,"23,407","767,431"
휠라홀딩스,"38,250",-1.92,"23,238","107,127"
제일기획,"19,990",-1.04,"22,997","177,555"
금양,"39,450",-0.13,"22,901","2,773,970"
LG화학우,"293,000",-2.33,"22,528","15,612"
한솔케미칼,"197,800",-1,"22,421","31,176"
코스모신소재,"73,000",1.67,"22,375","546,279"
한미사이언스,"31,800",-2.75,"22,246","94,675"
두산퓨얼셀,"33,750",-2.88,"22,104","224,151"
농심,"364,000",-1.09,"22,141","6,251"
KCC,"248,000",-1.2,"22,038","17,129"
OCI,"92,100",-1.92,"21,965","114,703"
현대차우,"90,800",-1.09,"21,895","16,685"
BNK금융지주,"6,690",-1.18,"21,805","599,661"
HL만도,"46,250",-0.86,"21,718","118,461"
LS,"67,300",-0.74,"21,671","83,994"
에스원,"56,400",0.71,"21,432","56,022"
TIGER 미국나스닥100,"70,865",-0.01,"21,274","46,489"
TIGER MSCI Korea TR,"13,185",-1.35,"20,977","19,527"
대성홀딩스,"127,600",-0.08,"20,530","45,242"
한화,"27,050",-1.46,"20,276","98,866"
DB하이텍,"45,250",-2.06,"20,090","252,984"
삼천리,"494,000",-0.1,"20,032","15,301"
신세계,"203,000",-1.69,"19,986","70,545"
KODEX 200TR,"10,635",-1.53,"19,781","1,050,407"
효성티앤씨,"455,000",-1.41,"19,691","13,650"
TIGER 200,"31,665",-1.42,"19,458","568,568"
KODEX 레버리지,"14,500",-2.98,"19,350","21,850,165"
영원무역,"43,600",-1.13,"19,320","33,458"
GS건설,"22,550",-3.01,"19,299","431,022"
동서,"19,100",-2.95,"19,043","78,646"
CJ대한통운,"82,300",-1.2,"18,775","25,762"
대우건설,"4,450",-1.87,"18,495","521,914"
TIGER 미국S&P500,"13,150",0.38,"18,292","373,143"
대한전선,"1,466",-2.33,"18,244","6,167,281"
JB금융지주,"9,240",-0.54,"18,201","244,240"
효성첨단소재,"405,000",-2.99,"18,144","17,300"
오뚜기,"441,500",-1.12,"17,695","1,634"
현대두산인프라코어,"8,640",-2.7,"17,087","2,359,685"
하이트진로,"24,050",-3.22,"16,867","191,310"
두산,"99,700",10.29,"16,474","998,557"
솔루스첨단소재,"46,950",-4.09,"16,485","283,875"
LIG넥스원,"74,800",-3.23,"16,456","176,944"
쌍용차,"8,760",0,"16,377",-
롯데칠성,"168,900",-0.71,"15,672","7,046"
TIGER 미국필라델피아반도체나스닥,"10,390",-0.1,"15,523","514,201"
한미반도체,"15,880",0.19,"15,457","410,141"
LS ELECTRIC,"50,100",-0.79,"15,030","57,293"
롯데정밀화학,"58,200",-2.02,"15,016","31,797"
LX세미콘,"92,300",-2.33,"15,012","71,430"
현대일렉트릭,"41,250",3.25,"14,869","193,875"
현대위아,"54,500",-1.62,"14,821","100,829"
TIGER 미국테크TOP10 INDXX,"9,730",-0.41,"14,571","279,511"
한전KPS,"32,400",-1.97,"14,580","68,623"
효성,"67,500",-2.74,"14,223","39,322"
코스모화학,"39,550",6.89,"13,846","3,547,853"
녹십자,"118,200",-1.83,"13,813","26,169"
SK케미칼,"78,900",-2.95,"13,613","38,054"
대웅제약,"116,400",-2.35,"13,487","37,856"
아이에스동서,"43,600",0.11,"13,469","306,375"
동국제강,"13,840",-3.22,"13,208","303,006"
DGB금융지주,"7,780",-0.26,"13,160","239,259"
TIGER 2차전지테마,"22,125",1.35,"13,131","1,039,378"
덴티움,"118,300",0.94,"13,094","53,108"
DL이앤씨,"33,350",-2.63,"12,904","95,700"
현대백화점,"54,600",-1.27,"12,778","62,072"
KODEX 단기채권PLUS,"105,720",0.03,"12,752","188,413"
KODEX 2차전지산업,"22,635",0.89,"12,653","1,150,377"
코오롱인더,"45,400",-2.78,"12,494","54,837"
후성,"13,230",4.17,"12,483","2,152,852"
한국앤컴퍼니,"13,140",-2.16,"12,474","34,032"
GKL,"20,100",0.55,"12,433","198,409"
에스엘,"26,650",-1.3,"12,379","76,440"
LX인터내셔널,"31,900",-2.3,"12,364","218,855"
제주항공,"16,010",2.1,"12,327","249,130"
KODEX 삼성그룹,"8,920",-1.22,"12,229","61,754"
DL,"57,600",-1.2,"12,071","17,102"
KBSTAR 200,"31,855",-1.39,"11,977","445,959"
율촌화학,"47,650",1.38,"11,817","53,287"
SK가스,"127,400",0.87,"11,759","4,616"
코리안리,"8,170",2.13,"11,505","471,181"
영풍,"623,000",-2.66,"11,476","2,526"
롯데제과,"120,900",1.77,"11,406","7,700"
현대엘리베이,"27,700",-1.77,"11,306","42,414"
대한유화,"173,000",-3.84,"11,245","45,153"
동원시스템즈,"38,550",0,"11,176","34,454"
현대건설기계,"56,400",-2.08,"11,111","75,970"
솔루엠,"22,100",4.25,"11,051","207,670"
일진하이솔루스,"30,350",-3.8,"11,021","67,054"
KODEX 23-12 은행채(AA+이상)액티브,"10,195",0.05,"10,693","3,525"
한샘,"45,000",-1.64,"10,590","21,103"
TIGER 단기통안채,"102,625",0,"10,476","984,181"
아시아나항공,"13,970",-1.27,"10,395","122,579"
신풍제약,"19,610",-3.4,"10,390","346,017"
NHN,"28,700",-0.35,"10,337","38,268"
더존비즈온,"34,000",-2.02,"10,330","32,900"
풍산,"36,400",1.82,"10,201","184,157"
PI첨단소재,"34,550",-0.86,"10,146","64,738"
SK네트웍스,"4,085",-1.09,"10,138","436,932"
대덕전자,"20,500",-0.97,"10,130","168,285"
롯데관광개발,"13,810",-1.29,"10,138","322,919"
종근당,"79,700",-1.6,"10,017","12,896"
KODEX 인버스,"4,860",1.46,"9,997","17,850,348"
대웅,"17,160",-4.03,"9,977","66,808"
TIGER TOP10,"10,310",-1.43,"9,913","40,200"
SK리츠,"5,030",-1.37,"9,887","50,766"
오리온홀딩스,"15,770",-1.87,"9,879","41,652"
F&F홀딩스,"25,200",-1.37,"9,857","44,532"
롯데렌탈,"26,650",-1.3,"9,763","20,984"
다우기술,"21,700",0,"9,736","52,683"
하나투어,"60,500",-0.66,"9,704","55,525"
영원무역홀딩스,"70,400",0.28,"9,599","9,714"
롯데리츠,"3,910",0.13,"9,500","77,717"
KODEX 코스닥150레버리지,"8,140",0.18,"9,418","12,333,190"
명신산업,"17,860",-2.4,"9,371","248,543"
금호타이어,"3,260",-3.12,"9,365","198,968"
한국콜마,"40,550",-2.99,"9,278","63,960"
KODEX Top5PlusTR,"15,600",-1.3,"9,220","3,412"
삼양식품,"121,000",0,"9,115","26,917"
제이알글로벌리츠,"4,520",-0.44,"8,921","140,734"
코스맥스,"77,800",-3.83,"8,830","85,584"
KBSTAR KIS종합채권(A-이상)액티브,"96,225",-0.33,"8,762",21
태광산업,"782,000",-0.51,"8,707",508
미원상사,"179,400",-1.7,"8,701","1,545"
KG스틸,"8,700",1.05,"8,701","1,557,376"
진에어,"16,570",1.84,"8,650","151,667"
이노션,"42,850",0.12,"8,570","6,220"
ESR켄달스퀘어리츠,"4,015",-1.11,"8,556","29,538"
세아베스틸지주,"23,850",29.83,"8,553","1,441,158"
세방,"43,700",2.34,"8,438","88,578"
더블유게임즈,"45,950",-1.82,"8,443","18,119"
TKG휴켐스,"20,350",4.95,"8,319","478,296"
LG전자우,"48,150",-2.73,"8,275","26,914"
한올바이오파마,"15,590",-0.95,"8,144","178,577"
한일시멘트,"11,790",-2.32,"8,166","47,610"
CJ CGV,"17,100",-1.38,"8,161","46,755"
SBS,"43,950",2.93,"8,022","139,570"
신세계인터내셔날,"22,300",-2.41,"7,961","74,075"
바이오노트,"7,700",-3.51,"7,844","421,673"
대한해운,"2,425",-0.82,"7,740","799,301"
KODEX 단기채권,"105,095",0.01,"7,472","420,855"
넥센타이어,"7,640",-0.13,"7,462","53,186"
쏘카,"22,400",4.92,"7,337","94,917"
녹십자홀딩스,"15,590",-2.44,"7,332","62,700"
TIGER 200 IT,"29,500",-1.96,"7,298","15,119"
미원에스씨,"141,500",0.07,"7,217",727
동양생명,"4,400",0.11,"7,100","98,237"
현대그린푸드,"7,250",0,"7,084",-
세방전지,"50,400",-1.75,"7,056","48,432"
우리종금,802,0.25,"7,011","488,026"
제주은행,"21,750",0.46,"6,988","1,137,085"
SNT모티브,"47,700",-4.02,"6,975","22,259"
HDC현대산업개발,"10,460",-1.32,"6,894","139,149"
대상,"19,750",-1.5,"6,843","64,490"
한세실업,"16,990",-1.96,"6,796","108,612"
DN오토모티브,"67,400",-0.15,"6,736","10,324"
삼양홀딩스,"78,200",0.26,"6,697","9,507"
대신증권,"13,090",-0.3,"6,646","13,997"
해성디에스,"39,100",-2.01,"6,647","39,647"
쿠쿠홈시스,"29,600",0.17,"6,641","23,407"
효성중공업,"70,800",0,"6,602","40,643"
한화투자증권,"3,060",-1.61,"6,565","285,448"
LX홀딩스,"8,480",-0.47,"6,469","107,322"
KCC글라스,"40,200",-0.25,"6,420","10,359"
한섬,"26,050",-2.25,"6,416","29,430"
세아제강지주,"155,300",-3.42,"6,432","79,807"
일동제약,"23,850",-0.83,"6,393","356,233"
드림텍,"9,400",-2.19,"6,340","134,163"
동원F&B,"163,600",-1.62,"6,314","2,336"
티와이홀딩스,"12,320",-2.22,"6,274","81,345"
현대홈쇼핑,"52,100",-0.76,"6,252","7,061"
티웨이항공,"3,215",0.78,"6,250","698,126"
KODEX 자동차,"17,515",-1.05,"6,209","86,464"
KODEX MSCI Korea TR,"10,515",-1.08,"6,172","48,788"
보령,"8,980",-1.1,"6,168","174,751"
프레스티지바이오파마,"10,200",0.29,"6,130","61,409"
동아쏘시오홀딩스,"96,200",-1.13,"6,108","1,517"
SK디스커버리,"32,050",-2.88,"6,102","26,322"
SPC삼립,"70,600",-0.14,"6,092","2,905"
부광약품,"8,470",-2.76,"6,019","103,891"
LG생활건강우,"286,000",-1.21,"6,005","4,112"
KODEX 코스닥150,"11,205",0.54,"6,000","5,304,758"
영진약품,"3,265",-2.39,"5,971","260,576"
삼성 인버스 2X 천연가스 선물 ETN C,"59,085",-8.88,"5,909","81,706"
한국단자,"56,700",-0.53,"5,905","3,762"
한화손해보험,"4,995",4.72,"5,831","1,553,861"
자화전자,"28,600",-0.87,"5,819","101,697"
지누스,"30,600",-0.16,"5,784","48,743"
이수페타시스,"9,180",-2.55,"5,806","16,097,861"
삼아알미늄,"39,300",-0.51,"5,782","100,787"
ARIRANG 200,"32,315",-1.37,"5,752","118,581"
파미셀,"9,580",-2.74,"5,750","172,179"
케이카,"11,900",-2.38,"5,722","164,155"
이수화학,"20,350",-1.93,"5,690","292,729"
쿠쿠홀딩스,"15,980",-0.62,"5,683","6,896"
화승엔터프라이즈,"9,340",0.65,"5,659","99,530"
신영증권,"59,900",-0.33,"5,622",427
유니드,"82,400",3.65,"5,577","54,822"
HSD엔진,"7,780",1.43,"5,566","348,660"
진원생명과학,"7,160",-1.24,"5,567","177,952"
QV 코스피 변동성 매칭형 양매도 ETN,"7,910",0,"5,537",-
유안타증권,"2,750",-2.48,"5,489","107,876"
고려제강,"21,750",0,"5,438","14,834"
DI동일,"21,200",2.66,"5,420","185,859"
KBSTAR 23-11 회사채(AA-이상)액티브,"51,240",0,"5,405","3,363"
삼성 레버리지 WTI원유 선물 ETN,"1,330",1.53,"5,373","784,867"
현대에너지솔루션,"47,950",-2.64,"5,370","102,541"
TIGER 글로벌리튬&2차전지SOLACTIVE(합성),"9,300",-1.43,"5,342","47,346"
HANARO 200,"31,730",-1.41,"5,331","18,521"
ACE 종합채권(AA-이상)KIS액티브,"94,880",-0.05,"5,305",1
경동나비엔,"36,400",-0.68,"5,303","25,552"
ACE 미국S&P500,"13,285",0.34,"5,274","80,360"
삼성화재우,"162,200",0.37,"5,177","7,179"
미래에셋증권2우B,"3,675",-0.14,"5,145","72,697"
동아에스티,"60,300",-2.58,"5,093","7,791"
미래에셋생명,"2,885",-1.54,"5,107","40,262"
KBSTAR 단기통안채,"106,935",0,"5,102","1,854,944"
KODEX 선진국MSCI World,"20,645",0.19,"5,099","11,929"
LF,"17,340",-1.64,"5,070","15,354"
TIGER 미국달러단기채권액티브,"11,335",1.3,"5,001","131,561"
한국카본,"11,330",-2.07,"4,981","134,616"
NICE,"13,120",-2.45,"4,970","13,118"
동일산업,"203,000",-1.93,"4,923",943
애경산업,"18,630",0.27,"4,920","22,326"
롯데손해보험,"1,584",-0.38,"4,916","68,590"
엠씨넥스,"27,350",-1.08,"4,917","40,149"
삼성SDI우,"301,500",-0.66,"4,878","1,209"
신한알파리츠,"6,590",-0.9,"4,865","28,981"
아모레퍼시픽우,"46,000",-2.54,"4,857","11,351"
세아홀딩스,"120,500",13.15,"4,820","45,264"
신한 레버리지 WTI원유 선물 ETN(H),960,0.52,"4,800","1,260,993"
에어부산,"4,115",0.61,"4,800","977,287"
삼화콘덴서,"45,650",-1.93,"4,745","47,239"
효성화학,"148,000",-5.61,"4,721","40,015"
KODEX 미국S&P500TR,"11,740",0.38,"4,684","83,565"
KOSEF 200TR,"38,700",-1.41,"4,683","5,766"
콘텐트리중앙,"24,100",-1.63,"4,642","46,266"
JW중외제약,"20,850",0.72,"4,624","40,842"
KODEX 코스닥150선물인버스,"4,775",0,"4,622","30,597,585"
TIGER 단기채권액티브,"51,565",0.02,"4,602","862,454"
KB스타리츠,"4,515",0.33,"4,579","47,076"
SK디앤디,"20,650",0.49,"4,582","6,471"
송원산업,"19,000",0.69,"4,560","49,181"
코람코에너지리츠,"5,120",-1.16,"4,533","13,829"
SGC에너지,"30,650",1.16,"4,499","38,144"
남해화학,"9,060",-0.11,"4,501","93,088"
삼양사,"43,450",-3.01,"4,481","10,089"
BGF,"4,595",-1.18,"4,398","79,192"
롯데정보통신,"28,450",1.25,"4,380","18,321"
에이프로젠,"1,676",2.2,"4,251","917,788"
신영증권우,"60,100",0.17,"4,239",149
ACE 미국나스닥100,"12,170",-0.16,"4,235","57,034"
TIGER KOFR금리액티브(합성),"100,810",0.01,"4,231","3,574"
TYM,"2,770",-0.54,"4,220","3,412,030"
남양유업,"586,000",-3.93,"4,219","9,001"
TIGER KRX2차전지K-뉴딜,"15,010",-1.25,"4,210","299,364"
빙그레,"42,150",-0.47,"4,152","2,919"
KODEX 단기변동금리부채권액티브,"105,835",-0.01,"4,158",111
ACE 200,"32,015",-1.46,"4,114","43,848"
풀무원,"10,750",-3.07,"4,098","100,018"
국도화학,"45,300",-0.66,"4,082","14,519"
애경케미칼,"8,390",0.12,"4,082","47,690"
세아제강,"142,400",-0.28,"4,039","251,210"
TIGER 24-10 회사채(A+이상)액티브,"51,970",-0.12,"4,030","59,361"
KODEX 미국나스닥100TR,"10,475",-0.05,"4,001","70,076"
KODEX 미국FANG플러스(H),"20,470",-1.33,"3,967","47,815"
TIGER 미국S&P500선물(H),"46,065",-0.85,"3,892","29,087"
잇츠한불,"17,740",-1.39,"3,890","16,458"
스카이라이프,"7,930",-0.63,"3,792","17,706"
맵스리얼티1,"4,095",-0.73,"3,802","24,403"
KEC,"2,600",2.77,"3,764","6,523,735"
케이씨텍,"17,850",0,"3,724","13,530"
한국자산신탁,"2,980",-0.5,"3,695","34,266"
영풍제지,"16,500",0.12,"3,679","105,740"
코리아써키트,"15,600",-1.45,"3,685","127,549"
유나이티드제약,"22,500",0,"3,655","26,750"
TIGER 차이나항셍테크,"5,790",-0.17,"3,645","984,259"
HDC,"6,100",-1.45,"3,644","51,600"
서흥,"31,400",0.32,"3,633","9,001"
교보증권,"5,600",-2.1,"3,621","26,645"
아세아시멘트,"9,210",0.22,"3,588","67,472"
KBSTAR KIS단기종합채권(AA-이상)액티브,"103,180",-0.01,"3,583",608
SK증권,757,0.8,"3,578","2,226,985"
ARIRANG 종합채권(AA-이상)액티브,"101,380",-0.19,"3,572",1
휴스틸,"6,360",-2.45,"3,574","1,392,226"
DB,"1,763",19.2,"3,547","12,070,991"
흥아해운,"1,478",-1.73,"3,553","293,038"
일양약품,"18,500",-1.75,"3,531","25,760"
SIMPAC,"5,390",0.75,"3,527","91,339"
웅진씽크빅,"3,035",-2.72,"3,506","599,912"
KISCO홀딩스,"21,450",0.94,"3,470","10,001"
신성이엔지,"1,682",-0.47,"3,462","415,156"
TIGER 글로벌자율주행&전기차SOLACTIVE,"9,940",-0.4,"3,455","26,503"
LG헬로비전,"4,445",0.11,"3,443","94,747"
이연제약,"19,100",0.47,"3,438","15,145"
KOSEF 국고채10년,"109,050",-0.48,"3,435","84,578"
퍼시스,"29,850",-1.49,"3,433","1,039"
신대양제지,"84,900",0,"3,421",81
신성통상,"2,375",-1.86,"3,413","68,968"
한일현대시멘트,"17,620",-2.22,"3,406","12,138"
세진중공업,"5,970",1.7,"3,394","276,641"
코오롱플라스틱,"8,950",-3.03,"3,401","147,175"
한일홀딩스,"11,020",0.92,"3,398","3,334"
아이마켓코리아,"10,150",-0.39,"3,393","18,022"
TIGER 일본니케이225,"15,650",-0.51,"3,390",883
HL홀딩스,"32,200",0,"3,372","12,161"
신도리코,"33,450",-0.45,"3,372","2,225"
대원제약,"15,350",-0.71,"3,372","43,357"
E1,"48,750",-0.91,"3,344","4,593"
DL건설,"15,060",-2.52,"3,321","12,519"
아세아제지,"36,850",-0.41,"3,300","7,366"
YG PLUS,"5,200",0.78,"3,298","139,005"
코오롱모빌리티그룹,"5,250",-6.42,"3,296","848,130"
한국토지신탁,"1,300",-0.54,"3,282","314,792"
지역난방공사,"28,300",-1.91,"3,277","2,849"
이리츠코크렙,"5,170",-1.52,"3,275","12,965"
KG케미칼,"23,550",-0.21,"3,265","39,235"
HJ중공업,"3,920",-2.49,"3,264","42,124"
조선내화,"81,300",0.12,"3,252",240
현대퓨처넷,"2,950",-2.64,"3,251","79,937"
대신증권우,"12,460",-0.32,"3,240","20,913"
키다리스튜디오,"8,730",-1.36,"3,227","29,430"
대한제강,"13,120",-2.16,"3,234","36,577"
락앤락,"6,430",0.16,"3,228","14,710"
농심홀딩스,"69,800",-1.13,"3,237","1,882"
한화3우B,"14,310",-0.9,"3,216","10,531"
LX하우시스,"35,850",-1.78,"3,215","12,427"
수산인더스트리,"22,400",-2.18,"3,200","23,803"
SK렌터카,"6,700",-1.33,"3,168","12,009"
STX엔진,"13,820",1.99,"3,180","19,333"
일신방직,"132,400",-0.82,"3,178","6,428"
한진,"21,250",-1.62,"3,176","8,214"
화신,"9,100",-2.05,"3,178","319,229"
조광피혁,"47,600",-0.94,"3,165",51
아세아,"144,300",2.34,"3,162","1,908"
삼진제약,"22,700",-2.37,"3,155","47,974"
환인제약,"16,940",-1.51,"3,151","21,019"
KOSEF 200,"31,680",-1.48,"3,120","9,483"
롯데하이마트,"13,150",-2.08,"3,104","10,305"
SNT중공업,"9,320",-2.61,"3,099","62,816"
CJ4우(전환),"73,100",-0.14,"3,090","1,515"
한국철강,"7,300",-0.14,"3,099","65,890"
코오롱글로벌,"16,270",-1.09,"3,080","71,780"
한국쉘석유,"236,500",-0.84,"3,075",387
풍산홀딩스,"29,300",-1.01,"3,050","3,474"
대동,"12,760",2.08,"3,054","503,561"
미래에셋 레버리지 원유선물혼합 ETN(H),"7,425",-0.13,"3,044","32,648"
BYC,"490,000",3.59,"3,061",554
한미글로벌,"27,750",-1.94,"3,041","103,156"
서연이화,"11,170",4.1,"3,019","703,408"
남선알미늄,"2,355",2.39,"3,040","1,499,744"
광동제약,"5,750",-1.2,"3,014","76,573"
다올투자증권,"4,965",0.51,"2,995","317,260"
현대차증권,"9,330",-0.53,"2,959","7,902"
한국콜마홀딩스,"15,870",-2.04,"2,948","19,104"
경방,"10,760",-1.65,"2,950","2,744"
한솔제지,"12,340",-1.52,"2,937","53,208"
TCC스틸,"11,480",-1.37,"2,919","113,535"
모토닉,"8,750",0,"2,888","7,118"
일성신약,"107,900",-0.09,"2,870","11,063"
광주신세계,"35,600",1.28,"2,848","15,335"
도화엔지니어링,"8,440",0.6,"2,846","78,196"
제일약품,"19,200",-1.94,"2,823","12,299"
KODEX 코스피,"24,760",-1.14,"2,773","18,226"
대상홀딩스,"7,620",-1.17,"2,759","31,938"
대한방직,"52,000",0.39,"2,756","15,921"
삼양패키징,"17,430",-0.8,"2,752","3,622"
방림,"6,490",-2.55,"2,746","124,411"
유니퀘스트,"10,040",-4.38,"2,747","359,148"
조일알미늄,"2,150",-2.93,"2,723","1,875,375"
대성에너지,"9,900",0,"2,723","143,042"
케이씨,"20,050",-0.5,"2,718","13,782"
코오롱,"21,400",-2.28,"2,702","16,135"
종근당홀딩스,"53,600",-0.74,"2,685","1,045"
신세계 I&C,"15,600",-2.19,"2,683","72,165"
KBSTAR Fn수소경제테마,"9,605",-1.59,"2,675","22,016"
삼익THK,"12,710",3.92,"2,669","176,122"
한국금융지주우,"45,300",-1.09,"2,654","2,991"
하나제약,"14,870",-1.39,"2,643","14,743"
아주스틸,"9,960",-0.3,"2,635","23,438"
유진투자증권,"2,690",-1.47,"2,606","26,389"
동양,"1,087",-1.9,"2,594","164,712"
일진다이아,"18,260",-1.46,"2,593","13,839"
삼부토건,"1,306",-2.54,"2,582","2,700,016"
엘브이엠씨홀딩스,"2,590",0.58,"2,576","293,098"
한전산업,"7,900",-1.5,"2,575","41,024"
대한제분,"151,600",-0.46,"2,562","1,212"
테이팩스,"54,200",-0.18,"2,557","24,888"
SNT홀딩스,"15,680",-1.07,"2,556","5,012"
자이에스앤디,"6,590",0.76,"2,556","64,169"
알루코,"2,840",0,"2,555","288,575"
무림P&P,"4,065",-1.81,"2,535","160,960"
NPC,"6,880",-2.13,"2,526","246,239"
스틱인베스트먼트,"6,040",-1.31,"2,517","83,177"
동화약품,"9,000",-0.99,"2,514","40,907"
삼성출판사,"24,900",0.61,"2,490","14,795"
대한제당,"2,765",-1.25,"2,480","94,582"
금호건설,"6,710",-1.32,"2,480","41,679"
AJ네트웍스,"5,290",-1.49,"2,477","168,765"
HLB글로벌,"5,820",-0.68,"2,466","127,795"
KBSTAR 코스피,"24,890",-1.35,"2,452","9,418"
사조대림,"26,650",-2.2,"2,442","10,600"
대교,"2,875",-1.71,"2,435","38,541"
흥국화재,"3,785",1.61,"2,432","119,586"
에스엠벡셀,"2,180",-0.68,"2,425","40,251"
금호석유우,"80,200",-0.74,"2,425","4,917"
KODEX K-메타버스액티브,"8,375",-1.35,"2,420","152,864"
KPX케미칼,"49,400",-0.2,"2,391",880
이엔플러스,"4,095",-2.73,"2,389","964,841"
TIGER 차이나CSI300,"10,025",0.3,"2,386","69,209"
삼영무역,"12,910",-0.15,"2,384","3,009"
KODEX 은행,"6,600",-0.6,"2,360","335,024"
KBSTAR 미국나스닥100,"11,785",0.04,"2,357","24,972"
선진,"9,900",0.3,"2,354","46,453"
미원홀딩스,"100,800",-0.59,"2,339",393
TIGER 리츠부동산인프라,"4,760",-0.52,"2,332","87,240"
디앤디플랫폼리츠,"3,620",-0.28,"2,331","28,035"
AK홀딩스,"17,570",-1.13,"2,328","2,254"
하이트진로홀딩스,"9,970",-1.58,"2,314","17,533"
사조산업,"46,250",1.09,"2,313","9,418"
대덕,"6,810",0.15,"2,308","23,919"
교촌에프앤비,"9,210",-0.75,"2,301","11,822"
KPX홀딩스,"54,100",-0.55,"2,286",227
이월드,"1,604",1.13,"2,275","97,940"
TIGER 코스피,"24,980",-1.36,"2,273","2,120"
백광산업,"5,060",1.81,"2,273","634,924"
SOL 종합채권(AA-이상)액티브,"100,220",-0.34,"2,263",6
한독,"16,320",-1.39,"2,246","11,267"
KODEX 반도체,"25,600",-1.73,"2,227","81,599"
동성케미컬,"4,470",-0.78,"2,221","53,677"
KBSTAR ESG사회책임투자,"10,245",-1.16,"2,213","34,780"
성신양회,"8,950",-2.72,"2,194","88,762"
신한서부티엔디리츠,"3,920",-1.38,"2,193","14,148"
그린케미칼,"9,120",-1.62,"2,189","85,420"
넥센,"4,055",0.25,"2,171","6,133"
삼성 인버스 2X WTI원유 선물 ETN,145,0,"2,171","2,324,218"
경동인베스트,"91,300",1.67,"2,159","80,130"
JW홀딩스,"3,065",-1.13,"2,159","19,063"
화승인더,"3,900",-0.76,"2,157","53,081"
LS전선아시아,"6,990",-0.43,"2,141","45,458"
현대차3우B,"88,200",-0.68,"2,121","11,220"
아모레G3우(전환),"29,900",-3.24,"2,121","2,687"
두산우,"52,600",3.34,"2,102","41,003"
현대코퍼레이션,"15,930",-1.12,"2,107","9,815"
대창단조,"7,340",-2.13,"2,097","274,332"
SOL 200TR,"11,070",-2.04,"2,092","2,441"
CJ제일제당 우,"157,000",-0.38,"2,084","2,818"
경농,"10,670",-1.3,"2,083","14,354"
KBSTAR 미국S&P500,"11,480",0.35,"2,078","17,450"
KSS해운,"9,000",-0.66,"2,078","21,744"
부국증권,"20,000",0.3,"2,074","1,244"
포스코스틸리온,"34,550",0.14,"2,073","14,160"
백산,"8,840",-0.56,"2,070","221,932"
HDC랩스,"7,930",-0.87,"2,058","3,502"
에이프로젠바이오로직스,351,-1.4,"2,056","1,596,505"
GS글로벌,"2,485",-1.58,"2,051","315,723"
태림포장,"2,890",-1.03,"2,046","26,902"
대원강업,"3,295",-1.64,"2,043","30,003"
TIGER KRX BBIG K-뉴딜,"6,855",-1.72,"2,043","114,169"
쎌마테라퓨틱스,"6,410",0,"2,032",-
삼성전기우,"69,800",0.58,"2,029","3,706"
KODEX 국고채3년,"56,825",-0.31,"2,020",416
TIGER Fn메타버스,"8,340",-0.24,"2,018","306,148"
S-Oil우,"50,100",-1.38,"2,015","8,373"
ARIRANG 코스피TR,"12,610",-1.25,"2,005","23,549"
일진홀딩스,"4,060",-1.46,"2,004","64,854"
KBSTAR 200TR,"16,760",-1.44,"1,986","6,704"
한신기계,"6,110",-1.29,"1,982","141,500"
ACE 단기통안채,"100,715",0.01,"1,982","24,746"
KBSTAR 국고채3년선물인버스,"105,905",0.21,"1,963",3
제일파마홀딩스,"12,220",-1.37,"1,952","6,416"
진흥기업,"1,335",-1.18,"1,942","308,988"
해태제과식품,"6,650",-2.21,"1,936","9,051"
제이에스코퍼레이션,"14,490",-0.07,"1,932","16,491"
에이블씨엔씨,"7,150",-1.24,"1,933","28,273"
한세예스24홀딩스,"4,795",-2.14,"1,918","16,221"
TRUE 인버스 2X 천연가스 선물 ETN(H),"1,305",-10,"1,931","1,174,630"
JW생명과학,"12,100",-1.06,"1,916","9,373"
LS네트웍스,"2,425",-1.22,"1,911","27,764"
KODEX 골드선물(H),"11,850",-1,"1,908","101,397"
STX중공업,"6,690",3.56,"1,910","251,132"
대성산업,"4,185",-1.41,"1,893","78,823"
한솔테크닉스,"5,870",-0.68,"1,885","22,136"
삼영전자,"9,410",0.11,"1,882","17,928"
TIGER 차이나과창판STAR50(합성),"7,465",-0.07,"1,877","38,668"
서연,"7,990",-1.84,"1,876","149,536"
예스코홀딩스,"31,000",-0.96,"1,860","3,398"
유수홀딩스,"7,110",0,"1,852","20,263"
TIGER 중장기국채,"48,200",-0.4,"1,851","4,462"
만호제강,"44,500",-0.67,"1,847","6,042"
경인양행,"4,430",-1.56,"1,844","26,596"
LG우,"60,800",-0.98,"1,837","2,604"
코람코더원리츠,"4,540",-1.73,"1,834","15,787"
세아특수강,"21,350",24.78,"1,830","2,093,541"
태경산업,"6,250",-1.88,"1,827","36,359"
신세계푸드,"46,950",-1.57,"1,818","3,723"
KTcs,"4,245",3.54,"1,812","2,594,956"
일진전기,"4,875",-0.91,"1,808","54,094"
동아지질,"12,850",-0.54,"1,806","9,167"
삼성제약,"2,680",-1.11,"1,800","69,576"
DB금융투자,"4,225",0,"1,793","18,012"
현대리바트,"8,730",-0.8,"1,793","11,772"
아남전자,"2,320",-1.9,"1,789","700,512"
이지스밸류리츠,"4,855",-2.9,"1,784","16,711"
진양홀딩스,"3,180",0.16,"1,777","10,282"
신라교역,"11,080",0.18,"1,773","7,888"
아시아나IDT,"15,950",-1.18,"1,770","14,771"
동남합성,"49,000",0,"1,769",887
ARIRANG 고배당주,"12,130",-0.16,"1,765","26,903"
KBSTAR KIS국고채30년Enhanced,"70,955",-0.94,"1,745","37,980"
대한화섬,"131,300",0.69,"1,744",424
현대비앤지스틸,"11,500",0.35,"1,734","47,295"
세종공업,"6,230",-0.8,"1,733","97,393"
삼성 레버리지 천연가스 선물 ETN B,"2,635",10.71,"1,713","4,878,296"
계룡건설,"19,140",-1.85,"1,709","13,715"
우진,"8,410",-1.29,"1,709","91,203"
ACE 베트남VN30(합성),"16,175",-1.1,"1,698","151,873"
금강공업,"5,800",-0.85,"1,701","47,682"
ACE 중국본토CSI300,"27,370",0.5,"1,691",751
TIGER 여행레저,"4,225",-0.47,"1,685","412,052"
KOSEF 단기자금,"101,865",0,"1,679","2,987"
동성제약,"6,390",-0.78,"1,668","23,426"
NI스틸,"5,830",-0.85,"1,667","107,009"
금호에이치티,850,-0.23,"1,667","211,696"
동아타이어,"12,110",0.33,"1,663","12,392"
HANARO MSCI Korea TR,"13,160",-1.53,"1,658",32
NH투자증권우,"8,760",-0.79,"1,653","21,376"
휴비스,"4,790",-1.14,"1,653","18,946"
태영건설,"4,235",-1.4,"1,647","120,185"
한컴라이프케어,"5,940",2.06,"1,644","100,977"
대영포장,"1,519",-0.33,"1,647","61,433"
효성ITX,"14,220",0.07,"1,644","4,988"
한국주철관,"7,180",0.56,"1,637","14,750"
한국패러랠,"2,045",1.24,"1,636","6,654"
경보제약,"6,830",-0.73,"1,633","24,083"
삼성물산우B,"100,300",0,"1,632","2,358"
KODEX 미국나스닥100레버리지(합성 H),"4,615",-2.33,"1,620","341,261"
동부건설,"7,080",-0.98,"1,620","52,847"
한농화성,"10,260",-1.44,"1,604","31,208"
일동홀딩스,"13,890",-1.98,"1,603","85,464"
용평리조트,"3,325",-1.34,"1,600","24,582"
KBSTAR iSelect메타버스,"7,360",-1.21,"1,591","79,608"
수산중공업,"2,945",-2,"1,590","415,647"
인스코비,"1,414",-0.84,"1,584","148,730"
TIGER 글로벌4차산업혁신기술(합성 H),"14,875",-1.29,"1,583","7,546"
디씨엠,"13,830",-0.86,"1,577","11,073"
KODEX TRF3070,"11,025",0.05,"1,577","13,449"
삼화페인트,"5,790",-2.2,"1,575","23,637"
퍼스텍,"3,270",-1.8,"1,572","393,769"
벽산,"2,290",-1.08,"1,570","84,430"
노루페인트,"7,830",-1.01,"1,566","18,627"
신원,"1,526",-2.12,"1,565","236,568"
무학,"5,450",-1.8,"1,553","77,277"
KBSTAR IT플러스,"16,290",-1.03,"1,551","1,658"
HANARO 200TR,"38,720",-1.46,"1,549",71
현대약품,"4,835",-1.53,"1,547","137,432"
TIGER 글로벌메타버스액티브,"6,345",-0.63,"1,539","40,120"
삼양통상,"50,800",0.2,"1,524","1,588"
ACE 23-12 회사채(AA-이상)액티브,"102,590",-0.01,"1,521","71,649"
KODEX 23-12 국고채액티브,"10,110",-0.05,"1,521","1,324"
KODEX 장기종합채권(AA-이상)액티브KAP,"87,100",-0.19,"1,520",5
디와이,"5,700",-1.72,"1,500","41,175"
컨버즈,"4,100",0,"1,509",-
신일전자,"2,120",0,"1,506","383,376"
NH올원리츠,"3,560",-1.11,"1,502","21,452"
STX,"5,240",-1.13,"1,500","689,238"
KTis,"4,295",1.66,"1,495","1,614,223"
신한 블룸버그 -2X 천연가스 선물 ETN(H),"59,240",-9.87,"1,481","5,531"
TIGER 200선물인버스2X,"3,160",3.1,"1,485","5,711,780"
태경케미컬,"12,720",0.87,"1,476","17,920"
KB 블룸버그 인버스2X 천연가스선물 ETN(H),"58,965",-10.87,"1,474","2,376"
미래에셋 S&P -2X 천연가스 선물 ETN(H),"58,440",-9.39,"1,461",24
성창기업지주,"2,090",-1.42,"1,458","115,267"
디아이,"5,150",-1.9,"1,457","23,909"
한솔홀딩스,"3,465",-0.72,"1,456","48,134"
태경비케이,"5,260",-1.13,"1,451","161,734"
SNT에너지,"19,330",0,"1,451","19,168"
KODEX 미국달러선물,"11,865",1.15,"1,450","203,835"
센트랄모텍,"16,760",3.52,"1,443","127,821"
팜스코,"3,895",-2.14,"1,431","48,598"
샘표,"49,500",-0.4,"1,424","4,510"
샘표식품,"31,150",-0.16,"1,423","3,559"
KODEX 차이나항셍테크,"5,775",-1.45,"1,421","427,497"
디아이씨,"3,650",-1.08,"1,419","45,303"
미원화학,"64,200",0,"1,412",131
강남제비스코,"21,600",0,"1,404","1,044"
신흥,"14,760",-0.27,"1,402","1,949"
TIGER 미국MSCI리츠(합성 H),"12,470",-0.91,"1,390","18,124"
경동도시가스,"23,500",-1.26,"1,385","7,919"
한국석유,"10,780",0,"1,368","31,468"
한국수출포장,"34,150",-2.29,"1,366","16,531"
한국공항,"42,900",0.47,"1,358","4,525"
조흥,"226,000",1.8,"1,356",67
한국화장품제조,"29,750",-1.33,"1,348","22,363"
노루홀딩스,"10,120",-0.49,"1,345","2,904"
일성건설,"2,480",-1,"1,340","97,552"
종근당바이오,"24,300",-1.82,"1,333","7,448"
KCTC,"4,430",-1.56,"1,329","53,360"
두산퓨얼셀1우,"9,930",-1,"1,327","8,626"
광전자,"2,280",-2.36,"1,321","46,153"
TIGER 투자등급회사채액티브,"102,235",-0.22,"1,319",409
TIGER 반도체,"26,575",-2.21,"1,313","21,083"
사조동아원,928,-2.42,"1,310","473,285"
황금에스티,"7,710",1.45,"1,311","141,301"
디와이파워,"11,850",-1.66,"1,308","23,931"
HDC현대EP,"4,090",-0.85,"1,305","9,394"
한국화장품,"8,050",-0.98,"1,293","20,303"
TIGER 중국소비테마,"7,165",-1.17,"1,290","27,630"
TRUE 코스피 양매도 5% OTM ETN,"8,550",0,"1,283",-
한국특강,"2,115",-1.63,"1,281","13,916"
웅진,"1,603",-4.13,"1,281","807,339"
TIGER 23-12 국공채액티브,"202,390",-0.06,"1,271",71
유화증권,"2,240",0,"1,270","10,970"
TIGER 현대차그룹+펀더멘털,"22,275",-1.11,"1,270","5,645"
TIGER 헬스케어,"24,990",-1.71,"1,269","12,740"
조선선재,"100,700",-0.59,"1,266","2,818"
극동유화,"3,575",-0.83,"1,247","58,191"
미창석유,"71,300",-0.56,"1,240",172
KODEX 미국채울트라30년선물(H),"8,665",-1.14,"1,239","378,026"
미래에셋 코스피 양매도 5% OTM ETN,"8,250",0,"1,238",-
CJ씨푸드,"3,410",-1.59,"1,225","105,165"
유니온머티리얼,"2,895",-1.53,"1,216","788,293"
동방,"2,530",-1.56,"1,214","133,769"
ARIRANG 국고채30년액티브,"95,400",0.12,"1,209",32
SK이노베이션우,"96,700",-1.43,"1,207","3,113"
동양철관,"1,015",-0.98,"1,207","201,392"
한국내화,"2,915",-0.85,"1,197","27,507"
KODEX 배당가치,"11,915",-1.16,"1,192",777
대신증권2우B,"11,870",-0.75,"1,187","5,536"
인천도시가스,"27,000",0.93,"1,181","2,395"
TIGER 코스닥150,"11,530",0.35,"1,181","21,796"
삼익악기,"1,297",-0.54,"1,174","78,233"
TIGER 미디어컨텐츠,"7,490",0.2,"1,168","79,387"
KBSTAR 코스닥150,"11,165",0.4,"1,166","85,614"
세이브존I&C,"2,840",0.71,"1,166","20,315"
KBSTAR 국채선물5년추종인버스,"54,465",0.46,"1,163",4
대창,"1,275",-1.7,"1,162","181,875"
TIGER 종합채권(AA-이상)액티브,"49,500",-0.36,"1,151",289
한진중공업홀딩스,"3,895",-1.89,"1,150","14,756"
삼원강재,"2,875",-0.69,"1,150","8,436"
한양증권,"9,000",-0.66,"1,146","5,566"
이지스레지던스리츠,"4,015",0.12,"1,139","6,956"
CJ우,"49,850",-0.5,"1,127",82
미래에셋글로벌리츠,"3,860",0,"1,122","11,892"
인지컨트롤스,"7,080",-1.67,"1,119","83,256"
KODEX 미국나스닥100선물(H),"14,835",-1.2,"1,113","61,786"
기신정기,"3,795",1.07,"1,108","27,801"
크라운제과,"8,830",-0.34,"1,106","13,016"
삼일제약,"7,960",0,"1,092","185,300"
한화솔루션우,"38,050",0,"1,090",-
TRUE 블룸버그 인버스 2X 천연가스선물 ETN,"54,750",-8.88,"1,095","2,130"
깨끗한나라,"2,920",0.52,"1,087","63,742"
KBSTAR 25-11 회사채(AA-이상)액티브,"52,375",-0.29,"1,087","7,243"
SG세계물산,536,-0.56,"1,085","246,433"
KH 필룩스,566,-3.58,"1,079","1,783,418"
KTOP K200액티브,"9,715",-1.57,"1,078","53,637"
모나리자,"2,940",-0.84,"1,075","57,967"
KODEX 차이나CSI300,"12,435",0.16,"1,076","14,144"
대구백화점,"9,910",0.81,"1,072",52
키움 INDXX 미국테크탑10 ETN,"10,595",0,"1,060",-
크라운해태홀딩스,"7,100",-1.39,"1,054","10,494"
에이플러스에셋,"4,650",-1.69,"1,051","24,418"
인바이오젠,745,-2.61,"1,050","242,788"
유유제약,"6,080",-0.49,"1,048","61,510"
대양금속,"3,130",-2.34,"1,044","283,944"
대유플러스,861,-0.92,"1,042","785,181"
KODEX 삼성그룹밸류,"8,760",-1.18,"1,042","2,010"
KODEX ESG종합채권(A-이상)액티브,"102,590",0,"1,040",-
HL D&I,"2,740",-1.44,"1,037","35,065"
화성산업,"10,160",-2.96,"1,031","18,815"
고려산업,"4,130",-2.13,"1,030","518,172"
지투알,"6,220",0.65,"1,030","49,232"
마스턴프리미어리츠,"3,870",-0.51,"1,029","8,298"
삼영화학,"3,015",-0.5,"1,025","171,012"
토니모리,"4,260",-1.84,"1,025","40,416"
가온전선,"16,100",-1.41,"1,024","11,682"
삼화전기,"15,460",-2.15,"1,022","7,136"
히어로즈 단기채권ESG액티브,"101,185",0,"1,022",-
와이투솔루션,641,-3.75,"1,021","682,801"
보락,"1,699",0.35,"1,018","288,006"
엔에이치스팩19호,"1,984",-0.05,"1,018","68,382"
이구산업,"3,040",-1.94,"1,017","207,746"
무림페이퍼,"2,425",-1.42,"1,009","85,115"
현대코퍼레이션홀딩스,"10,960",-0.81,997,"12,726"
한신공영,"8,620",-2.49,997,"30,783"
팜젠사이언스,"6,300",-1.72,997,"46,746"
TIGER 미국채10년선물,"11,460",0.66,997,"65,402"
광명전기,"2,305",-1.28,999,"166,446"
신영와코루,"11,020",-1.78,992,"1,344"
세원이앤씨,459,1.55,991,"2,172,961"
플레이그램,820,0.74,977,"243,108"
대동전자,"9,300",-0.11,976,"11,168"
TRUE 레버리지 S&P500 선물 ETN(H),"19,495",-1.71,975,132
KODEX 미국S&P500선물(H),"18,915",-0.81,974,"9,121"
남광토건,"9,880",-1.5,971,"18,497"
대현,"2,190",-1.13,970,"94,954"
써니전자,"2,780",0.72,969,"771,246"
일신석재,"1,248",-2.19,967,"299,081"
콤텍시스템,796,-3.4,964,"1,388,634"
대원화성,"2,335",-1.68,963,"80,566"
이아이디,823,-2.02,952,"174,038"
조광페인트,"7,380",-1.86,945,"30,616"
사조씨푸드,"5,470",-2.15,942,"50,024"
동일고무벨트,"6,750",-2.6,938,"16,750"
ACE 국고채10년,"85,820",-0.68,937,"1,137"
SH에너지화학,841,-2.21,935,"380,399"
삼호개발,"3,745",-0.27,936,"5,957"
새론오토모티브,"4,860",-0.21,933,"1,808"
국제약품,"4,570",-2.56,923,"61,678"
아모레G우,"14,380",-1.84,927,"6,697"
DSR,"5,760",-2.37,922,"44,372"
하이스틸,"4,555",1,920,"605,447"
삼성공조,"11,280",1.99,917,"390,662"
금비,"92,000",0,920,"3,858"
명문제약,"2,700",-2.17,917,"61,722"
TRUE 레버리지 나스닥 100 ETN,"18,365",-1.32,918,"10,009"
SK우,"162,000",-1.04,917,"1,023"
지엠비코리아,"4,800",-2.93,915,"11,282"
두올,"2,760",-0.72,913,"55,833"
인팩,"9,160",-4.78,916,"77,175"
유니켐,"1,225",1.24,909,"156,839"
다스코,"4,655",-2,903,"84,375"
제일연마,"9,030",-0.77,903,"3,913"
보해양조,648,-2.11,901,"160,197"
남성,"2,470",-1.98,894,"130,751"
텔코웨어,"9,210",-0.43,894,"1,337"
유니온,"5,720",-0.69,893,"284,674"
KBSTAR 코스닥150선물레버리지,"8,825",0.4,890,"9,320"
한솔홈데코,"1,103",-0.9,889,"181,941"
동방아그로,"6,520",-0.76,888,"5,427"
혜인,"6,970",-1.27,886,"245,953"
DRB동일,"4,440",-1.66,885,"8,802"
KBSTAR Fn5G테크,"8,230",-0.96,885,"4,229"
상상인증권,815,-0.61,883,"49,536"
솔루스첨단소재1우,"10,430",-3.25,882,"28,149"
ACE 24-12 회사채(AA-이상)액티브,"104,255",-0.08,873,651
카프로,"2,175",6.1,870,"858,556"
유니드비티플러스,"8,170",-2.04,867,"91,533"
쌍방울,328,0.92,861,"1,724,824"
TIGER 미국다우존스30,"21,405",0.09,865,"7,081"
조비,"16,590",-0.72,861,"8,897"
휴니드,"6,080",-1.46,858,"81,290"
KBSTAR 단기국공채액티브,"104,210",-0.02,858,"13,360"
신세계건설,"21,250",-4.28,850,"31,415"
KBSTAR 2차전지액티브,"10,750",1.32,856,"173,927"
시디즈,"42,750",-0.81,855,"2,128"
마니커,"1,340",1.36,851,"158,171"
KODEX 미국메타버스나스닥액티브,"6,455",-0.39,849,"24,593"
한국프랜지,"2,770",-1.95,843,"92,176"
범양건영,"3,400",-2.44,844,"147,698"
유엔젤,"6,390",1.43,843,"1,809,443"
화승코퍼레이션,"1,682",-0.36,842,"40,521"
한일철강,"3,145",-0.47,840,"25,155"
ACE G2전기차&자율주행액티브,"8,920",-1.05,838,"10,482"
코스맥스비티아이,"8,710",-1.02,837,"4,044"
태평양물산,"1,719",-3.37,836,"325,631"
큐로,362,0.28,837,"167,815"
DSR제강,"5,790",-1.86,834,"60,502"
덕양산업,"2,560",-2.48,834,"14,822"
TIGER 200 건설,"2,795",-0.71,831,"45,733"
TIGER 200 건설,"2,795",-0.71,831,"45,733"
천일고속,"58,100",-1.19,830,474
신풍제약우,"37,700",-3.33,829,"4,360"
신송홀딩스,"7,000",-0.14,828,"87,722"
한창제지,"1,386",-2.19,827,"111,301"
메타랩스,"3,320",0,827,"36,683"
신한 인버스 2X WTI원유 선물 ETN(H),130,0,823,"1,057,860"
대유에이텍,713,-1.79,823,"132,349"
KBSTAR 미국단기투자등급회사채액티브,"9,970",0.81,823,"10,650"
한세엠케이,"2,715",0.93,817,"7,761"
영흥,803,-0.86,814,"50,287"
인디에프,"1,149",2.77,812,"548,241"
비상교육,"6,250",-0.95,812,"8,533"
삼화왕관,"37,700",0.4,812,"1,778"
NH프라임리츠,"4,350",0.46,812,"3,591"
이건산업,"7,380",-2.25,808,"58,074"
국동,"1,392",-3,792,"173,870"
인터지스,"2,660",-2.21,791,"91,359"
오리엔트바이오,668,-0.74,792,"239,454"
덕성,"5,040",-0.79,790,"32,850"
진양산업,"6,070",-1.3,789,"58,123"
대원전선,"1,095",-1.71,788,"245,756"
호전실업,"8,070",-2.77,787,"38,552"
SK케미칼우,"37,100",-1.33,785,"3,468"
한솔로지스틱스,"2,855",-2.23,784,"88,427"
부산산업,"73,600",0,777,"1,844"
우진플라임,"3,880",-1.9,776,"17,649"
서울식품,207,0,776,"525,247"
사조오양,"8,210",-0.97,774,"7,128"
ACE 미국WideMoat가치주,"18,845",0.03,773,"21,930"
까뮤이앤씨,"1,694",-2.19,765,"129,820"
TIGER 200선물레버리지,"11,075",-2.98,764,"209,152"
KODEX 은선물(H),"4,060",-3.33,763,"284,350"
두산2우B,"84,600",3.68,756,"12,202"
IHQ,322,-2.42,754,"667,263"
화천기공,"34,200",0,752,"5,202"
전방,"44,700",-1.32,751,"2,561"
미래에셋맵스리츠,"3,740",0,752,"5,185"
KODEX WTI원유선물(H),"13,855",0.11,752,"68,214"
문배철강,"3,645",2.39,747,"256,105"
유성기업,"2,880",-0.69,747,"23,051"
화승알앤에이,"3,920",0.26,745,"40,758"
KOSEF 인도Nifty50(합성),"18,160",0.28,745,"22,433"
CS홀딩스,"63,500",-1.24,733,881
ARIRANG 신흥국MSCI(합성 H),"8,850",-1.39,733,"24,140"
영보화학,"3,645",-1.49,729,"7,565"
KBSTAR 고배당,"11,535",-0.86,727,"15,757"
KODEX 국고채30년액티브,"98,105",-1.01,726,"3,396"
부국철강,"3,595",2.42,719,"292,657"
대호에이엘,"1,390",-0.22,723,"127,700"
세하,"1,255",2.87,722,"129,605"
우성,"23,450",-0.85,725,"1,742"
TIGER KRX바이오K-뉴딜,"5,440",-1.72,721,"191,119"
상신브레이크,"3,350",-1.47,719,"21,780"
세원정공,"7,150",-0.42,715,"7,024"
대우부품,"1,497",-1.06,713,"31,327"
HANARO 200 TOP10,"7,925",-1.43,713,156
삼일씨엔에스,"5,600",-2.44,713,"13,729"
엔케이,891,-0.78,713,"54,988"
한국종합기술,"6,490",-1.52,711,"37,357"
KODEX 미국반도체MV,"10,830",-0.32,709,"28,542"
KODEX K-신재생에너지액티브,"11,720",0.82,709,"64,332"
웰바이오텍,"1,054",-1.5,700,"229,233"
삼성 인버스 2X 코스닥150 선물 ETN,"13,955",-0.29,698,"1,202,250"
KODEX Fn Top10동일가중,"7,550",-1.31,695,"32,504"
KODEX 미국종합채권SRI액티브(H),"95,375",-0.51,694,"1,012"
TIGER Fn반도체TOP10,"7,410",-1.85,693,"187,090"
KODEX 차이나2차전지MSCI(합성),"8,215",-1.32,690,"35,795"
TIGER 경기방어,"8,740",-1.58,689,"4,431"
SOL 미국배당다우존스,"9,705",0.73,689,"554,355"
티에이치엔,"3,815",-0.91,687,"58,326"
TIGER 소프트웨어,"9,630",-1.38,684,"40,529"
성보화학,"3,415",-1.3,684,"14,828"
SJM,"4,370",-2.89,682,"31,174"
핸즈코퍼레이션,"3,125",-0.32,683,"3,209"
KBSTAR 중국본토대형주CSI100,"18,400",0.38,681,843
KODEX 차이나과창판STAR50(합성),"7,560",-0.66,680,114
ACE 미국고배당S&P,"10,785",0.61,679,"16,400"
KC그린홀딩스,"3,015",-1.79,676,"50,239"
국보,638,-2.3,677,"560,813"
TIGER 차이나CSI300레버리지(합성),"20,995",0,676,"7,526"
아센디오,794,-4.45,672,"202,376"
티웨이홀딩스,613,-2.23,671,"228,114"
KODEX 한국대만IT프리미어,"17,120",-0.7,668,"1,244"
한창,840,0.48,667,"402,608"
미래산업,"14,550",-1.89,666,"84,858"
HANARO e커머스,"12,090",-1.06,665,"1,156"
모나미,"3,515",-1.26,664,"91,837"
신한 WTI원유 선물 ETN(H),"6,635",0.84,664,"1,612"
TRUE S&P500 선물 ETN,"13,235",0.42,662,2
KODEX Fn성장,"13,220",-1.05,661,22
평화산업,"1,203",-1.15,660,"72,866"
동양피스톤,"5,020",-1.95,661,"27,564"
파워 200,"32,125",-1.38,659,29
코오롱인더우,"23,700",-1.86,656,"2,653"
우신시스템,"3,580",-0.42,656,"59,195"
화천기계,"2,975",0.68,655,"137,952"
TIGER 화장품,"2,350",-1.67,637,"325,879"
TIGER 200 중공업,"2,990",-1.32,636,"134,461"
TIGER 국채3년,"105,985",-0.28,636,231
SG글로벌,"1,411",-0.7,634,"48,893"
한익스프레스,"5,280",1.73,634,"33,581"
삼정펄프,"25,250",-1.37,631,583
미래아이앤지,451,1.12,629,"4,082,964"
계양전기,"2,300",-0.43,626,"25,833"
GS우,"35,050",-0.14,626,"4,305"
TIGER 미국S&P500레버리지(합성 H),"23,665",-1.58,625,"7,625"
화인베스틸,"2,090",-2.79,622,"35,144"
유한양행우,"52,600",0.19,621,299
에이엔피,"1,530",2.27,621,"155,572"
신한 레버리지 코스닥 150 선물 ETN,"24,830",-1.88,621,2
KC코트렐,"1,787",0.85,618,"163,516"
KODEX 국채선물10년,"63,100",-0.63,610,"2,847"
대림B&Co,"3,655",-2.66,609,"13,634"
서원,"1,283",-1.91,609,"68,083"
TRUE 인버스 2X 나스닥 100 ETN,"2,015",3.33,605,"788,036"
미래에셋 전기전자 Core5 ETN,"30,115",0,602,-
케이비아이동국실업,596,-1,598,"33,190"
신한 레버리지 은 선물 ETN(H),"5,950",-7.25,595,"71,963"
TRUE 나스닥 100 ETN,"11,915",-0.42,596,2
신한 레버리지 은 선물 ETN(H),"5,950",-7.25,595,"71,963"
KODEX 차이나A50,"19,755",-0.03,593,756
TIGER 차이나HSCEI,"9,235",-0.43,591,"4,436"
일진디스플,"1,145",-2.3,590,"98,850"
하나 블룸버그 -2X 천연가스 선물 ETN(H),"58,910",-10.74,589,"1,038"
KBSTAR Fn컨택트대표,"8,320",-0.78,589,"1,107"
KB Wise 분할매매 ETN,"9,810",0,589,-
페이퍼코리아,"1,235",-2.37,587,"159,945"
메리츠 블룸버그 -2X 천연가스 선물 ETN(H),"58,545",-11.28,585,847
ARIRANG 미국S&P500(H),"16,725",-0.89,585,"9,214"
KBSTAR 금융채액티브,"100,845",-0.24,580,17
남양유업우,"345,000",-1.15,575,796
TIGER 차이나바이오테크SOLACTIVE,"7,600",0.53,572,"14,199"
TIGER 인버스,"5,435",1.59,571,"1,922,373"
대림통상,"3,740",-3.61,569,"6,417"
TIMEFOLIO Kstock액티브,"8,130",-1.09,569,"1,626"
KBSTAR 중기우량회사채,"103,800",-0.07,569,29
KODEX 미국달러선물레버리지,"12,460",2.17,568,"396,900"
태양금속,"1,545",-1.59,567,"99,585"
성안,974,-1.72,565,"170,022"
롯데칠성우,"72,900",-0.14,565,289
TIGER KEDI혁신기업ESG30,"9,565",-1.24,564,"40,741"
현대건설우,"53,500",-2.73,564,"3,877"
DL우,"33,050",-1.78,557,460
TIGER 미국필라델피아반도체레버리지(합성),"9,130",-0.05,561,"137,027"
MH에탄올,"7,580",-0.92,559,"18,425"
부국증권우,"18,470",-0.11,554,32
HANARO 글로벌럭셔리S&P(합성),"18,380",-0.89,553,"10,985"
KODEX 차이나H레버리지(H),"2,130",-2.29,550,"696,171"
KODEX 건설,"2,965",-0.5,549,"54,798"
키움 미국달러선물 ETN,"10,825",0,541,-
한국전자홀딩스,"1,156",0.17,541,"117,800"
선도전기,"3,000",0,540,-
대신 S&P 인버스 2X 천연가스 선물 ETN,"53,920",-10.13,539,305
삼성 코스피 풋매도 ETN,"10,780",0,539,-
삼성 블룸버그 인버스 2X WTI원유 선물 ETN,"21,490",1.03,537,"79,291"
KODEX 코스피TR,"11,530",-1.45,530,"10,109"
원림,"23,000",0.88,529,950
ACE KRX금현물,"10,970",0.23,527,"17,239"
HANARO 32-10 국고채액티브,"51,630",-0.6,516,874
KBSTAR 대형고배당10TR,"14,295",-1.45,515,"1,116"
대신 인버스 천연가스 선물 ETN(H),"6,410",-5.18,513,"7,338"
평화홀딩스,"3,505",-0.43,513,"21,794"
DL이앤씨2우(전환),"24,250",-1.02,512,"1,913"
TIGER 유로스탁스50(합성 H),"14,600",-1.78,511,"8,406"
SJM홀딩스,"3,420",-0.58,511,"21,683"
진양화학,"3,230",0.62,510,"4,980"
TIGER 미국S&P500배당귀족,"10,265",0.79,508,"11,604"
미래에셋 레버리지 코스닥150 선물 ETN,"25,350",0.02,507,"32,762"
에쓰씨엔지니어링,"1,617",4.59,505,"423,758"
우진아이엔에스,"6,630",-0.75,505,"1,718"
KODEX WTI원유선물인버스(H),"5,010",0,505,"164,968"
씨아이테크,"1,065",-4.48,494,"238,022"
키움 코스피 200 ETN,"9,850",0,493,-
TIGER 코스닥150 레버리지,"8,945",0.34,492,"61,799"
ARIRANG ESG가치주액티브,"7,630",-1.17,488,339
KODEX 미국S&P500배당귀족커버드콜(합성 H),"9,315",-0.11,484,"8,091"
KR모터스,504,-2.33,485,"121,310"
TIGER 글로벌BBIG액티브,"9,735",-0.26,482,"5,051"
영화금속,901,1.12,481,"94,190"
미래에셋 인버스 2X 원유선물혼합 ETN(H),"19,215",-0.54,480,"14,281"
주연테크,808,1.64,478,"211,130"
KB 인버스 천연가스 선물 ETN,"10,615",-3.76,478,"7,902"
KODEX 차이나H,"16,280",0.12,472,"3,110"
KOSEF 통안채1년,"101,860",-0.03,469,"2,545"
동일제강,"2,300",0,467,"52,192"
TIGER 글로벌클라우드컴퓨팅INDXX,"8,250",-0.9,465,"2,378"
초록뱀헬스케어,549,-0.18,465,"119,303"
KODEX 200미국채혼합,"11,855",-0.25,465,"15,123"
미래에셋 레버리지 코스피200 선물 ETN,"23,230",-2.86,465,"38,877"
이화산업,"16,470",-0.84,461,346
QV 코스닥 150 ETN,"11,505",-1.75,460,2
동원금속,981,-1.6,459,"175,659"
에넥스,764,-1.42,458,"110,531"
DL이앤씨우,"21,650",-1.81,458,"2,556"
호텔신라우,"60,800",-1.14,457,"1,029"
에셋플러스 글로벌플랫폼액티브,"6,095",-0.16,457,"6,565"
바다로19호,"3,000",0.5,456,"14,116"
ACE 단기채권알파액티브,"101,720",-0.01,456,70
센트럴인사이트,"2,490",0,452,-
KODEX 아시아달러채권SRI플러스액티브,"49,675",0.79,450,"6,009"
윌비스,669,0.3,450,"67,062"
코오롱모빌리티그룹우,"18,150",-11.03,446,"148,146"
다이나믹디자인,"3,180",-3.64,443,"345,832"
QV 레버리지 S&P500 ETN,"22,155",-0.43,443,2
KODEX 철강,"8,800",-0.11,437,"82,320"
HANARO Fn K-뉴딜디지털플러스,"8,580",-0.64,433,15
SHD,"35,600",-3,432,"6,747"
진양폴리,"4,315",-3.36,432,"35,940"
TIGER KRX인터넷K-뉴딜,"4,745",-0.42,429,"96,571"
TRUE 레버리지 천연가스 선물 ETN(H),"1,220",9.42,427,"3,132,923"
참엔지니어링,728,-0.27,429,"53,013"
KODEX 유럽탄소배출권선물ICE(H),"14,760",0.82,427,"9,623"
형지엘리트,"1,369",-1.37,427,"35,946"
SOL 미국S&P500,"10,920",0.28,426,"17,629"
TRUE 블룸버그 인버스 2X WTI원유 선물 ETN,"21,235",-0.31,425,"10,707"
TRUE 블룸버그 레버리지 천연가스 선물 ETN,"2,110",10.76,422,"770,420"
WISCOM,"2,755",-1.08,422,"3,623"
SOL KIS단기통안채,"102,765",0.01,421,1
동원수산,"9,030",-0.77,420,"19,914"
SUN&L,"3,325",0,419,"1,648"
케이탑리츠,872,-0.91,419,"52,006"
ACE 인도네시아MSCI(합성),"10,455",0.05,418,"4,070"
세우글로벌,"1,453",-1.16,417,"77,028"
유화증권우,"2,385",-0.83,417,18
KODEX 미국달러선물인버스2X,"6,830",-2.5,416,"406,084"
TIGER 퓨처모빌리티액티브,"9,635",-0.46,414,"2,375"
삼성 미국 대형 성장주 ETN,"20,575",0,412,-
비비안,"1,370",3.55,408,"107,458"
신풍,"1,158",0.35,405,"33,546"
TRUE 코스피 200 ETN,"8,065",-1.77,403,2
삼성 코스피 200 ETN,"8,050",-1.17,403,114
동양고속,"13,870",-1.42,402,"1,271"
KODEX 증권,"6,365",-1.24,401,"16,423"
미래에셋 원자재 선물 ETN(H),"13,360",-0.22,401,"2,647"
세기상사,"7,560",-0.4,400,"4,614"
TIGER 미국나스닥바이오,"19,625",-1.08,396,"3,731"
TIGER 레버리지,"14,080",-3.23,394,"76,351"
키움 코스닥 150 ETN,"9,810",0,392,-
SK디스커버리우,"28,850",-0.86,392,698
삼성 미국 대형 가치주 ETN,"19,555",0,391,-
삼성 코스닥 150 ETN,"7,800",0.26,390,"196,346"
대교우B,"1,997",-1.14,388,"8,875"
부산주공,530,-2.39,387,"549,279"
TRUE 코스피 양매도 3% OTM ETN,"7,715",0,386,-
KBSTAR 국채선물10년,"50,305",-0.34,384,284
한국주강,"3,395",-5.17,384,"51,107"
경인전자,"24,300",-0.41,382,"1,559"
두산퓨얼셀2우B,"12,740",-0.62,380,534
TIGER 테슬라채권혼합Fn,"10,380",-0.62,379,"73,496"
KODEX 바이오,"7,510",-0.86,379,"42,886"
TBH글로벌,"1,802",0.67,376,"32,080"
KODEX 차이나심천ChiNext(합성),"10,845",0.09,373,"7,022"
이스타코,871,0,373,"55,144"
진도,"2,975",2.76,370,"44,868"
TIGER 차이나클린에너지SOLACTIVE,"8,810",0.46,370,"37,988"
KBSTAR 게임테마,"11,165",-3,368,"70,961"
삼성 미국 대형 성장주 ETN(H),"18,195",0,364,-
태원물산,"4,750",-2.36,361,"2,623"
ACE 삼성그룹섹터가중,"15,020",-1.05,360,706
삼성 레버리지 China A50 선물 ETN(H),"35,895",0.18,359,"1,481"
KODEX 미국배당프리미엄액티브,"9,945",0.96,358,"144,721"
한성기업,"5,740",-1.2,356,"11,766"
KOSEF 국고채3년,"107,760",-0.28,356,389
대신 인버스 2X 알루미늄 선물 ETN(H),"35,355",3.83,354,10
삼성 인버스 2X 나스닥 100 ETN(H),"7,060",2.17,353,"244,998"
TIGER 미국S&P500TR(H),"9,805",-0.76,353,"42,361"
KODEX 200ESG,"11,760",-1.26,353,72
KB 레버리지 S&P 500 선물 ETN(H),"8,780",-1.62,351,746
신한 인버스 2X 코스닥 150 선물 ETN,"14,005",0.21,350,"13,263"
SOL 200 Top10,"8,115",-1.16,349,549
BYC우,"161,900",0.56,349,597
미래에셋 KRX금현물 Auto-KO-C 2312-01 ETN,"11,590",0.39,348,80
신한 구리 선물 ETN(H),"17,350",-2.99,347,53
삼성 미국 대형 가치주 ETN(H),"17,320",0,346,-
하나 레버리지 콩 선물 ETN(H),"34,535",0,345,-
신한 레버리지 금 선물 ETN,"17,250",-0.89,345,184
KOSEF 미국달러선물,"14,105",1.29,344,"16,346"
세방우,"9,310",0.11,343,"7,344"
삼화전자,"2,815",-1.4,341,"66,920"
신한 레버리지 S&P500 선물 ETN,"16,770",-0.65,335,"6,224"
유안타증권우,"2,585",0,334,"3,234"
성문전자,"1,712",-0.93,334,"28,074"
한솔PNS,"1,623",-1.1,333,"38,021"
대한항공우,"29,800",-1,331,"1,316"
미래에셋 인버스 2X 코스피200 선물 ETN,"16,530",2.99,331,"66,673"
KODEX IT,"16,480",-1.35,330,"1,569"
QV S&P500 버퍼10% 9월 ETN,"10,905",0,327,-
KODEX K-미래차액티브,"9,085",-0.55,327,"3,565"
롯데지주우,"40,550",-1.46,327,288
TIGER 리츠부동산인프라채권TR KIS,"4,900",-0.71,326,"2,376"
KOSEF 릭소글로벌퓨처모빌리티MSCI,"9,505",-0.94,323,382
QV 코스피 200 ETN,"32,095",-1.34,321,2
미래에셋 중국 심천 100 ETN,"15,980",-0.53,320,60
삼성 China A50 선물 ETN(H),"15,940",0,319,-
TIGER 미국나스닥100커버드콜(합성),"9,475",0.42,317,"62,244"
삼성 블룸버그 레버리지 WTI원유 선물 ETN,"12,665",1.24,317,"40,111"
TIGER 원유선물Enhanced(H),"4,185",0,316,"88,696"
제이준코스메틱,"8,190",-0.12,315,"21,474"
KBSTAR 200선물인버스2X,"2,985",3.11,310,"278,365"
체시스,964,0.94,308,"249,618"
HANARO Fn전기&수소차,"8,325",-0.72,308,"4,164"
삼성 레버리지 나스닥 100 ETN(H),"7,665",-2.85,307,"38,590"
SOL 미국S&P500ESG,"10,210",0.39,306,"2,957"
신한 레버리지 다우존스지수 선물 ETN(H),"30,600",-1.75,306,"1,002"
KODEX 200IT TR,"11,255",-1.36,304,155
TIGER 미국나스닥100TR(H),"10,070",-1.13,302,"73,456"
대신343 K200,"31,770",-1.53,302,510
TIGER 미국달러선물인버스2X,"6,805",-2.37,299,"12,420"
TIGER 탄소효율그린뉴딜,"7,865",-0.94,299,"1,823"
TIGER 미국나스닥100레버리지(합성),"7,945",-0.13,298,"100,674"
KBSTAR 중장기국공채액티브,"99,790",-0.21,297,12
KODEX 미국달러선물인버스,"8,640",-1.14,297,"57,358"
삼성 레버리지 은 선물 ETN(H),"9,885",-7.23,297,"26,088"
HANARO 200선물레버리지,"16,010",-3.09,296,389
미래에셋 레버리지 옥수수 선물 ETN,"29,590",0,296,-
한화투자증권우,"6,150",-0.81,295,"2,172"
TIGER S&P글로벌헬스케어(합성),"19,405",-0.03,295,"1,815"
TIGER AI코리아그로스액티브,"11,290",-1.27,294,430
QV 블룸버그 -2X 천연가스 선물 ETN(H),"58,590",-10.95,293,"4,278"
TIGER 삼성그룹펀더멘털,"10,795",-0.74,289,"21,117"
메리츠 3X 레버리지 국채30년 ETN,"48,070",-2.33,288,"18,011"
KODEX 미디어&엔터테인먼트,"13,715",-0.94,288,"10,399"
KBSTAR 내수주플러스,"7,995",-1.17,288,4
미래에셋 에너지화학 Core5 ETN,"14,390",0,288,-
신한 콩 선물 ETN(H),"14,370",0,287,-
ACE 미국친환경그린테마INDXX,"10,245",-0.19,287,"1,557"
KODEX K-로봇액티브,"12,175",3.31,286,"216,095"
TIGER 골드선물(H),"12,690",-0.98,286,"41,451"
KODEX 헬스케어,"10,985",-1.61,286,"13,158"
TRUE 인버스 2X 베트남 VN30 선물 ETN(H),"28,365",4.44,284,"4,845"
ARIRANG 미국장기우량회사채,"85,860",0.2,283,243
KODEX KRX300,"14,805",-1,281,92
신한 레버리지 미국달러 선물 ETN,"14,055",2.37,281,"1,265"
KODEX KRX기후변화솔루션,"10,020",-0.4,281,122
삼성 레버리지 금 선물 ETN(H),"27,995",-2,280,"11,468"
미래에셋 인버스 2X 코스닥150 선물 ETN,"13,965",-0.14,279,"1,485,222"
KB 레버리지 나스닥 100 ETN,"9,290",-1.48,279,"1,318"
ACE 글로벌반도체TOP4 Plus SOLACTIVE,"11,365",-0.57,278,"18,960"
ACE 200TR,"19,865",-1.41,278,734
녹십자홀딩스2우,"32,700",-0.46,277,245
KODEX 고배당,"9,520",-0.68,276,"3,164"
ACE 국고채3년,"102,145",-0.2,276,5
TIGER 국고채30년스트립액티브,"47,215",-0.9,276,"63,526"
KODEX 아시아반도체공급망exChina액티브,"10,125",-1.22,273,"299,829"
TIGER 200IT레버리지,"35,100",-2.61,272,"5,891"
KBSTAR 국채선물3년,"51,025",-0.29,271,"1,004"
신한 금 선물 ETN(H),"13,535",-0.99,271,"1,205"
미래에셋 원유선물혼합 ETN(H),"27,060",1.12,271,60
KODEX 미국S&P500에너지(합성),"12,915",-0.04,269,"16,314"
삼성 KRX 금현물 ETN,"13,375",0.45,268,168
ARIRANG 미국나스닥테크,"20,545",-0.75,267,886
SOL 국고채10년,"102,150",-0.64,266,574
SOL 글로벌탄소배출권선물IHS(합성),"13,200",1.5,264,"25,825"
모두투어리츠,"3,360",-1.32,263,"6,980"
TIGER KRX기후변화솔루션,"10,110",0.4,263,"1,839"
TIGER Fn신재생에너지,"9,330",-0.9,261,"12,795"
신한 S&P500 VIX S/T 선물 ETN C,"5,230",4.39,262,"51,903"
KBSTAR 국채선물10년인버스,"54,025",0.75,260,7
TIGER 200TR,"17,330",-1.37,260,992
금호전기,938,-2.6,258,"82,001"
하나 레버리지 옥수수 선물 ETN(H),"25,775",-3.41,258,1
HANARO 코스닥150,"11,185",-0.04,257,36
QV 인버스 미국 IT TOP5 ETN(H),"12,855",0.94,257,50
KB 천연가스 선물 ETN(H),"8,490",4.49,255,"176,058"
신한 브렌트원유 선물 ETN(H),"12,760",0.04,255,20
TRUE 레버리지 코스닥 150 선물 ETN,"25,400",0.55,254,"10,388"
TRUE 블룸버그 레버리지 WTI원유 선물 ETN,"12,690",1.52,254,"23,727"
KODEX S&P글로벌인프라(합성),"14,120",0.53,254,"7,342"
TIGER MKF배당귀족,"11,015",-1.43,253,"9,956"
삼성 레버리지 코스닥150 선물 ETN,"25,320",0.32,253,"328,016"
KODEX 탄소효율그린뉴딜,"7,910",-1.19,253,"5,469"
TIGER 코스피고배당,"13,950",-0.46,251,502
하나 레버리지 코스닥150 선물 ETN,"25,105",-0.59,251,"15,895"
TIGER 200 헬스케어,"15,470",-1.9,251,"9,983"
메리츠 미국채10년 ETN(H),"8,325",-0.66,250,"1,149"
TIGER 차이나CSI300인버스(합성),"8,055",-0.31,250,348
대신 레버리지 코스닥 150 선물 ETN,"24,785",-3.22,248,2
ARIRANG 미국단기우량회사채,"107,720",1.32,248,62
TIGER 농산물선물Enhanced(H),"7,670",-1.6,245,"13,798"
TIGER 구리실물,"10,360",-2.08,243,"4,411"
TRUE 인버스 2X 은 선물 ETN,"24,305",8.41,243,"2,170"
KODEX 미국러셀2000(H),"12,040",-0.91,241,730
메리츠 레버리지 대표 농산물 선물 ETN(H),"24,055",-3.7,241,58
미래에셋 인버스 코스피200 선물 ETN,"11,960",1.27,239,"1,338"
신한 인버스 코스피 200 선물 ETN,"11,950",1.19,239,290
미래에셋 인버스 2X 은 선물 ETN,"23,900",6.18,239,731
KBSTAR 국고채3년,"108,125",-0.29,239,132
하이트론,"2,470",0,237,-
ACE ESG액티브,"7,140",-1.38,236,80
신한 레버리지 코스피 200 선물 ETN,"23,345",-3.51,233,2
TIGER 인도니프티50레버리지(합성),"23,295",-0.72,233,"3,291"
삼성 레버리지 코스피200 선물 ETN,"23,255",-2.94,233,"21,816"
HANARO 단기채권액티브,"102,360",0.03,232,3
KODEX 코스피대형주,"11,610",-1.23,232,367
솔루스첨단소재2우B,"12,210",-3.48,231,"1,713"
신한 블룸버그 2X 천연가스 선물 ETN(H),"2,290",9.57,229,"1,197,114"
KB 블룸버그 레버리지 천연가스선물 ETN(H),"2,295",10.07,230,"781,439"
TIGER 원유선물인버스(H),"3,425",-0.15,229,"65,187"
신한 옥수수 선물 ETN(H),"11,400",-2.06,228,42
KBSTAR 비메모리반도체액티브,"7,780",-1.77,227,"19,484"
대덕전자1우,"10,730",0.94,225,"2,943"
TRUE 인버스 2X 금 선물 ETN,"22,475",3.33,225,"40,169"
신한 인버스 코스닥 150 선물 ETN,"11,200",1.45,224,37
KODEX 미국채10년선물,"11,165",0.68,223,"8,956"
KODEX 에너지화학,"15,920",-0.19,223,"4,167"
신한 은 선물 ETN(H),"11,100",-3.65,222,635
TIGER KRX게임K-뉴딜,"6,250",-1.88,222,"53,137"
메리츠 레버리지 인플레이션 국채 ETN,"11,020",-0.45,220,12
미래에셋 인버스 코스닥150 선물 ETN,"11,000",-0.81,220,162
KODEX TRF5050,"12,145",-0.04,219,875
코리아써우,"7,380",-1.2,219,"15,683"
TRUE 인버스 2X 구리 선물 ETN,"21,705",6.68,217,"1,828"
ARIRANG K방산Fn,"10,085",-1.85,217,"65,625"
WOORI 대한민국국고채액티브,"50,395",-0.2,217,386
TIGER 글로벌멀티에셋TIF액티브,"9,625",0.68,217,"3,081"
삼성 코스피 풋매도 4% OTM ETN,"10,810",0,216,-
하나 Solactive 2X US Tech Top 10 ETN(H),"21,560",-2.8,216,14
코아스,696,-1.97,215,"61,868"
하나 S&P 인버스 2X WTI원유 선물 ETN,"21,500",1.56,215,"2,632"
TRUE 레버리지 금 선물 ETN,"21,450",0,215,-
KB S&P 인버스 2X WTI원유 선물 ETN,"21,445",0.8,214,"6,111"
대상우,"15,640",-1.01,214,336
메리츠 인플레이션 국채 ETN,"10,715",0,214,-
HANARO Fn K-POP&미디어,"8,910",0.06,214,"2,255"
신한 인버스 2X 다우존스지수 선물 ETN(H),"2,140",1.66,214,"114,110"
하나 Solactive US Tech Top 10 ETN(H),"10,655",0,213,-
신한 블룸버그 인버스 2X WTI원유 선물 ETN,"21,300",0.21,213,502
메리츠 레버리지 국채30년 ETN,"5,305",-1.76,212,"37,856"
QV 블룸버그 -2X WTI원유선물 ETN,"21,200",-0.05,212,11
KODEX TRF7030,"13,190",-0.64,211,"8,183"
메리츠 인버스 2X 은 선물 ETN(H),"21,015",5.71,210,645
KODEX 배당성장채권혼합,"11,635",-0.21,209,"1,988"
코오롱글로벌우,"28,100",-1.4,208,"9,344"
TIGER 차이나반도체FACTSET,"6,540",-0.76,209,"15,416"
QV 인버스 레버리지 은 선물 ETN(H),"20,800",5,208,393
KODEX K-친환경선박액티브,"10,395",-0.81,208,"2,476"
TIGER 일본엔선물,"9,385",0.05,206,"32,474"
대신 레버리지 KRX 금현물 ETN,"20,395",0,204,-
ARIRANG 코스피50,"21,960",-1.44,204,"10,026"
미래에셋 미디어엔터 Core5 ETN,"10,130",0,203,-
삼성중공우,"175,700",-1.18,202,608
KODEX 삼성전자채권혼합Wise,"10,065",-0.49,201,"10,716"
키움 인버스 미국달러선물 ETN,"10,060",-1.08,201,5
KBSTAR 글로벌4차산업IT(합성 H),"17,490",-1.69,201,248
KBSTAR 미국S&P원유생산기업(합성 H),"6,075",0.58,200,"44,699"
메리츠 블룸버그 인버스 2X WTI선물 ETN(H),"20,045",-0.62,200,406
신한 다우존스지수 선물 ETN(H),"20,030",-0.89,200,4
TRUE 인버스 2X 플래티넘 선물 ETN,"19,960",10.43,200,"1,562"
메리츠 인버스 2X 금 선물 ETN(H),"19,930",2.13,199,"10,528"
메리츠 인버스 국채3년 ETN,"9,935",0,199,-
메리츠 인버스 천연가스 선물 ETN(H),"19,855",-5.52,199,"25,253"
미래에셋 인버스 천연가스 선물 ETN(H),"19,650",-6.25,197,155
삼성 인버스 2X 항셍테크 ETN(H),"9,690",4.42,194,"137,049"
NPC우,"3,655",-1.22,193,"18,468"
비케이탑스,904,0,192,-
QV iSelect 글로벌 EMP ETN(H),"9,585",-0.73,192,2
QV 인버스 레버리지 금 선물 ETN(H),"19,065",0,191,-
메리츠 국채10년 ETN,"9,530",0,191,-
메리츠 인버스 2X 구리 선물 ETN(H),"19,035",3.76,190,68
QV 인버스 레버리지 구리 선물 ETN(H),"18,980",4.03,190,28
하나 인버스 2X 구리 선물 ETN(H),"18,870",3.68,189,101
신한 FnGuide 치킨 ETN,"9,415",-1.62,188,"42,563"
QV 레버리지 금 선물 ETN(H),"18,820",0,188,-
대신 밀 선물 ETN(H),"9,365",-3.95,187,"4,272"
신한 K200 USD 선물 바이셀 ETN,"9,355",-3.16,187,3
TIGER 우량가치,"11,305",-0.35,187,727
ACE 러시아MSCI(합성),"9,590",0,186,-
KBSTAR 200선물레버리지,"13,290",-3.06,186,"12,615"
넥센타이어1우B,"2,860",-0.87,186,324
메리츠 레버리지 금 선물 ETN(H),"18,435",-1.34,184,4
신한 레버리지 구리 선물 ETN,"18,380",-4.4,184,196
ACE 아시아TOP50S&P,"12,245",-0.73,184,"1,102"
TIGER 코스닥150선물인버스,"4,900",0,184,"284,808"
하이트진로2우B,"16,130",-1.04,182,998
LX하우시스우,"17,610",-0.51,182,410
미래에셋 Q150 Core5 ETN,"8,975",0,180,-
TIGER 미국나스닥100TR채권혼합Fn,"10,240",-0.29,179,"5,029"
KODEX 글로벌4차산업로보틱스(합성),"16,110",1.26,179,"6,710"
코오롱우,"16,450",-2.32,177,"4,076"
메리츠 미국 인플레이션 국채 ETN(H),"8,800",-0.85,176,2
KBSTAR 200선물인버스,"6,235",1.3,175,"11,863"
KODEX 보험,"7,895",1.61,174,"65,494"
KODEX 배당성장,"13,300",-0.67,173,"1,092"
QV 인버스 레버리지 WTI원유 선물 ETN(H),115,-4.17,173,"291,065"
KODEX 코스피100,"24,580",-1.03,172,"3,492"
KB 인버스 2X 나스닥 100 ETN,"8,535",3.58,171,"13,472"
일정실업,"14,170",-0.42,170,769
한진칼우,"31,600",-0.47,170,"2,048"
KODEX 게임산업,"8,460",-2.25,169,"12,229"
유유제약1우,"7,450",-0.8,169,"1,112"
삼양홀딩스우,"55,300",-0.36,168,100
TRUE 레버리지 구리 선물 ETN,"16,655",-3.76,167,3
KB 레버리지 항셍테크 선물 ETN(H) B,"16,640",-2.12,166,311
신한 인버스 2X 코스피 200 선물 ETN,"16,620",3.62,166,736
TRUE 레버리지 플래티넘 선물 ETN,"16,610",-8.33,166,600
티와이홀딩스우,"13,200",-2.65,166,"12,969"
삼성 인버스 2X 코스피200 선물 ETN,"16,520",2.77,165,"42,017"
대신 철광석 선물 ETN(H) B,"16,500",-3.14,165,63
KODEX 필수소비재,"7,500",-1.51,165,"1,670"
ARIRANG 미국다우존스고배당주(합성 H),"15,995",-0.12,165,"4,110"
TIGER 유로스탁스배당30,"11,720",-0.3,164,853
LX홀딩스1우,"11,180",0.63,164,"1,680"
대한제당우,"2,525",-1.37,164,"52,543"
미래에셋 코스피200 선물 ETN,"8,165",-1.15,163,102
KOSEF 미국달러선물레버리지,"11,915",2.32,163,"34,189"
삼성 인버스 2X 은 선물 ETN(H),"1,630",7.24,163,"53,592"
미래에셋 코스닥150 선물 ETN,"8,090",-1.64,162,2
메리츠 S&P 유럽탄소배출권 선물 ETN,"16,155",1.22,162,2
KODEX 200롱코스닥150숏선물,"10,090",-1.7,161,"16,534"
미래에셋 S&P 유럽탄소배출권 선물 ETN,"16,085",-0.22,161,15
메리츠 인버스 2X 국채30년 ETN,"16,070",1.36,161,100
신한 코스피 200 ETN,"8,025",-1.83,161,2
에이리츠,"3,590",-0.28,160,"2,748"
TIGER 차이나항셍테크레버리지(합성 H),"7,635",-5.1,160,"427,486"
KODEX 미국나스닥100(H),"9,940",-1.29,159,"25,575"
한화우,"33,100",-1.49,159,"1,344"
에셋플러스 코리아플랫폼액티브,"6,595",-0.45,158,"2,431"
ACE 코스닥150,"11,290",0.18,158,277
메리츠 S&P 유럽탄소배출권 선물 ETN(H),"15,700",0,157,-
TRUE S&P 유럽탄소배출권 선물 ETN(H),"15,680",0,157,-
QV 레버리지 구리 선물 ETN(H),"15,675",0,157,-
KODEX 미국S&P500(H),"9,735",-0.71,156,"10,200"
TIGER KRX2차전지K-뉴딜레버리지,"6,915",-2.95,156,"113,325"
마이티 다이나믹퀀트액티브,"10,800",-1.32,156,13
ARIRANG ESG성장주액티브,"7,400",-0.87,155,170
메리츠 인버스 2X KRX300 선물 ETN,"15,515",2.31,155,1
TRUE FTSE100 ETN,"15,510",0.29,155,1
신한 인버스 WTI원유 선물 ETN(H),"3,090",-0.16,155,"1,261"
신한 코스닥 150 ETN,"7,665",-1.6,153,2
KODEX MSCI KOREA ESG유니버설,"9,575",-1.24,153,15
HANARO Fn K-게임,"5,100",-2.3,153,"25,909"
TIGER 배당성장,"16,445",-0.51,153,"1,156"
KODEX 200가치저변동,"9,495",-1.35,152,969
신한 FnGuide 폐기물처리 ETN,"7,535",-0.26,151,2
TIGER 200 에너지화학,"15,345",-1.38,150,912
TIMEFOLIO 이노베이션액티브,"7,885",-0.76,150,919
ACE 친환경자동차밸류체인액티브,"9,960",0,149,"4,614"
TIGER MSCI KOREA ESG리더스,"8,580",-1.32,149,9
삼성 레버리지 구리 선물 ETN(H),"14,870",-5.59,149,"24,392"
KODEX 기계장비,"5,710",-0.44,148,"21,302"
KODEX 다우존스미국리츠(H),"11,840",-1.7,148,"4,000"
메리츠 미국레버리지 인플레이션국채ETN(H),"7,400",-1.46,148,5
미래에셋 인버스 미디어엔터 Core5 ETN,"14,800",0,148,-
FOCUS KRX300,"14,795",-1.33,148,1
메리츠 레버리지 구리 선물 ETN(H),"14,745",-5.72,147,318
신한 인버스 2X 구리 선물 ETN,"2,945",6.9,147,"90,634"
하나 레버리지 구리 선물 ETN(H),"14,635",-6.04,146,2
KODEX 미국나스닥100선물인버스(H),"12,510",1.21,144,"76,174"
TIGER 단기선진하이일드(합성 H),"11,970",-0.66,144,"1,964"
메리츠 인버스 2X 미국채10년 ETN(H),"14,355",1.16,144,870
KODEX Fn시스템반도체,"7,505",-1.31,143,"6,818"
KBSTAR 글로벌클린에너지S&P,"9,465",-0.32,142,"2,306"
TIGER K게임,"9,440",-3.28,142,"13,388"
KBSTAR 차이나HSCEI(H),"7,820",-1.32,141,"8,282"
ACE 미국다우존스리츠(합성 H),"78,090",-1.53,141,19
TIGER 글로벌자원생산기업(합성 H),"15,605",-1.45,140,889
미래에셋 레버리지 은 선물 ETN,"14,025",0,140,-
대신 인버스 2X 코스닥 150 선물 ETN,"14,020",2.34,140,"5,826"
KODEX 미국ETF산업Top10 Indxx,"11,195",0.18,140,287
하나 인버스 2X 코스닥150 선물 ETN,"13,970",-0.07,140,413
TRUE 인버스 2X 코스닥 150 선물 ETN,"13,960",-0.32,140,"1,163,957"
KOSEF 미국달러선물인버스2X,"6,000",-2.52,139,"10,432"
TIGER 미국달러선물레버리지,"12,630",2.52,139,"23,514"
QV 미국 IT TOP5 ETN(H),"19,810",-1.15,139,7
TRUE 인버스 플래티넘 선물 ETN,"13,850",5.32,139,402
KBSTAR 채권혼합,"57,675",-0.84,138,210
FOCUS ESG리더스,"9,815",-1.11,137,5
KODEX 3대농산물선물(H),"12,410",-2.21,138,"5,134"
TIGER 200 금융,"6,475",-0.54,137,"6,833"
삼성 인버스 2X HSCEI ETN(H),"13,700",1.67,137,541
메리츠 레버리지 미국채30년 ETN(H),"6,840",-2.15,137,"173,071"
KBSTAR V&S셀렉트밸류채권혼합,"11,350",-0.39,136,650
삼성 인버스 2X 구리 선물 ETN(H),"2,720",5.84,136,"93,420"
ARIRANG 선진국MSCI(합성 H),"10,445",-1.92,136,"17,273"
VITA MZ소비액티브,"7,980",-0.19,136,"64,235"
KODEX 운송,"5,020",-0.69,136,"25,139"
KBSTAR 글로벌메타버스Moorgate,"7,720",-0.06,135,572
대신 S&P 인버스 WTI원유 선물 ETN,"13,420",-0.3,134,2
KODEX 코스닥150롱코스피200숏선물,"8,940",1.88,134,144
신한 인버스 금 선물 ETN(H),"6,680",0.75,134,852
TRUE 레버리지 은 선물 ETN,"13,330",-5.02,133,679
신한 USD K200 선물 바이셀 ETN,"6,665",2.93,133,1
TRUE 인버스 은 선물 ETN,"13,280",0,133,-
미래에셋 인버스 2X 옥수수 선물 ETN,"13,250",4.17,133,"4,518"
KODEX 최소변동성,"11,055",0,133,-
KODEX 미국S&P500산업재(합성),"22,975",0.75,132,"1,237"
메리츠 인버스 2X 미국채30년 ETN(H),"13,135",2.1,131,28
메리츠 인버스 국채30년 ETN,"13,095",0,131,-
SOL 국고채3년,"101,475",-0.34,131,770
삼성 인버스 HSCEI ETN(H),"13,065",1.24,131,107
ARIRANG 200선물인버스2X,"6,050",3.07,130,"75,199"
TIMEFOLIO Korea플러스배당액티브,"10,305",-0.43,130,"3,796"
ARIRANG 우주항공&UAM iSelect,"9,945",-1.04,129,"10,841"
ACE 일본Nikkei225(H),"18,495",-0.05,129,200
TIGER 200 철강소재,"8,850",-0.73,129,"12,951"
KB 인버스 2X 항셍테크 선물 ETN,"12,900",2.34,129,840
HANARO 글로벌탄소배출권선물ICE(합성),"12,835",1.91,128,"5,168"
KODEX 구리선물(H),"7,100",-2.14,128,"4,749"
메리츠 인버스 2X 대표 농산물 선물 ETN(H),"12,760",3.82,128,"1,840"
KB 레버리지 KOSDAQ 150 선물 ETN,"25,510",-0.45,128,"73,203"
KBSTAR 헬스케어채권혼합,"10,620",-0.47,127,946
QV 블룸버그 2X WTI원유선물 ETN,"12,735",2.21,127,"1,954"
KBSTAR 중국MSCI China(H),"8,470",-1.63,127,"9,958"
하나 S&P 레버리지 WTI원유 선물 ETN,"12,675",1.32,127,56
KODEX TDF2050액티브,"10,560",0,127,"1,578"
TIMEFOLIO 탄소중립액티브,"9,725",1.04,126,46
신한 블룸버그 레버리지 WTI원유 선물 ETN,"12,640",1.2,126,"62,155"
TIGER 200동일가중,"10,985",0.23,126,1
TRUE 인버스 베트남 VN30 선물 ETN(H),"12,580",2.9,126,"8,104"
신한 인버스 옥수수 선물 ETN(H),"6,280",0.24,126,"1,781"
BNK 주주가치액티브,"11,400",-0.83,125,"3,120"
QV 레버리지 은 선물 ETN(H),"12,505",0,125,-
KOSEF 고배당,"9,240",-0.54,125,"1,499"
대신 S&P500 VIX S/T 선물 ETN,"12,420",4.37,124,"1,439"
삼성 인버스 항셍테크 ETN(H),"12,260",1.36,123,"1,229"
메리츠 인버스 미국채10년 ETN(H),"12,165",0.62,122,2
TRUE 레버리지 유로스탁스50 ETN(H) B,"12,115",-3.58,121,38
JW중외제약2우B,"60,200",-0.5,120,12
ARIRANG 고배당주채권혼합,"10,940",-0.14,120,852
KODEX 200exTOP,"10,880",-1.27,120,3
신한 달러인덱스 선물 ETN(H),"11,960",1.14,120,576
신한 FnGuide 메타버스 ETN,"5,975",-1.32,120,179
삼성 인버스 코스피 200 선물 ETN,"11,950",1.4,120,"68,053"
KB S&P 유럽탄소배출권 선물 ETN(H),"11,900",0,119,-
메리츠 블룸버그 레버리지 WTI선물 ETN(H),"11,880",0.17,119,"10,784"
KB S&P 레버리지 WTI원유 선물 ETN(H),"11,830",0.13,118,"19,994"
신한 인버스 2X 은 선물 ETN(H),"2,370",7,119,"25,676"
TIGER 유로스탁스레버리지(합성 H),"9,110",-3.29,118,"11,001"
신한 인버스 콩 선물 ETN(H),"5,900",0.25,118,551
대덕1우,"9,730",-3.57,118,"10,762"
하나 인버스 2X 옥수수 선물 ETN(H),"11,795",3.24,118,772
KODEX 미국클린에너지나스닥,"9,090",-0.33,118,"4,018"
KOSEF 코스닥150,"5,610",0.18,118,"9,216"
삼성 레버리지 항셍테크 ETN(H),"1,960",-3.69,118,"170,855"
SOL 코스닥150,"10,880",-0.68,118,6
메리츠 인버스 미국채30년 ETN(H),"11,705",0.86,117,1
TRUE 인버스 금 선물 ETN,"11,675",0,117,-
메리츠 레버리지 은 선물 ETN(H),"11,620",-6.89,116,255
KB 레버리지 KOSPI 200 선물 ETN,"23,195",-4.94,116,124
TIGER LG그룹+펀더멘털,"9,170",-1.61,116,517
ACE 글로벌메타버스테크액티브,"6,790",-0.95,115,"1,248"
TRUE S&P500 양매도 4% OTM ETN(H),"11,535",0,115,-
대신 2X 철광석 선물 ETN(H),"11,585",-6.27,116,515
메리츠 대표 농산물 선물 ETN(H),"11,530",-1.96,115,23
KOSEF 미국S&P500,"10,455",0.43,115,190
KODEX KRX300레버리지,"11,475",-2.01,115,"3,834"
TIGER 로우볼,"11,920",-0.54,114,368
KOSEF 국고채10년레버리지,"104,000",-0.9,114,559
넥센우,"3,160",0,114,-
TRUE 인버스 HSCEI ETN(H) B,"11,335",0.27,113,150
TRUE 금 선물 ETN,"11,330",0,113,-
메리츠 인버스 2X 국채10년 ETN,"11,330",0.94,113,20
신한 인버스 구리 선물 ETN(H),"5,610",2.84,112,"1,990"
삼양사우,"30,300",-0.98,112,301
SK증권우,"2,865",-0.69,112,"2,116"
ACE 일본TOPIX레버리지(H),"22,245",0.59,111,49
하나 인버스 코스닥150 선물 ETN,"11,115",1.23,111,3
에셋플러스 코리아대장장이액티브,"10,075",0.2,111,"2,342"
TRUE FnGuide IoT ETN,"11,075",0,111,3
신한 인버스 2X 미국달러 선물 ETN,"5,535",-2.64,111,"2,711"
삼성 인버스 은 선물 ETN(H),"11,050",2.79,111,"3,966"
삼성 인버스 코스닥 150 선물 ETN,"11,025",-0.23,110,"357,598"
TRUE 유로스탁스50 양매도 5% OTM ETN(H),"10,975",0,110,-
대신 인버스 밀 선물 ETN(H),"10,900",0,109,-
ACE 멕시코MSCI(합성),"13,570",0.37,109,739
KBSTAR 배터리 리사이클링iSelect,"11,795",2.43,109,"83,899"
KBSTAR 국채선물5년추종,"47,590",-0.5,109,12
메리츠 레버리지 국채5년 ETN,"10,800",0,108,-
메리츠 인버스 은 선물 ETN(H),"10,775",0,108,-
메리츠 인버스 국채10년 ETN,"10,775",0,108,-
DB하이텍1우,"95,800",0.84,108,488
TIGER 일본TOPIX(합성 H),"16,710",0.27,107,15
ARIRANG 200선물레버리지,"26,650",-3.18,107,"2,094"
KB 인버스 2X 은 선물 ETN(H),"21,305",7.3,107,645
신한 레버리지 Russell 2000 ETN,"10,615",-0.7,106,47
파워 코스피100,"24,115",-0.8,106,88
태양금속우,"3,215",-1.23,106,"28,094"
ACE 골드선물 레버리지(합성 H),"15,150",-2.26,106,"1,437"
FOCUS AI코리아액티브,"10,550",-1.45,106,145
ARIRANG S&P글로벌인프라,"14,065",0.32,105,43
TIGER 은행,"6,845",-1.01,105,"1,847"
TRUE 인버스 2X S&P500 선물 ETN(H),"2,100",1.69,105,"10,896"
QV S&P500 VIX S/T 선물 ETN C,"5,240",4.28,105,"4,084"
JW중외제약우,"32,150",-0.77,105,14
메리츠 국채5년 ETN,"10,460",0,105,-
KB 인버스 2X S&P 500 선물 ETN,"10,450",2.75,105,"1,794"
KB KRX ESG Eco ETN,"10,440",-1.23,104,2
삼성 인버스 나스닥 100 ETN(H),"10,425",1.07,104,"2,820"
TRUE 구리 선물 ETN,"10,415",0,104,-
KODEX 200동일가중,"10,400",-0.81,104,60
메리츠 레버리지 국채3년 ETN,"10,380",-0.19,104,5
KBSTAR 미국고정배당우선증권ICE TR,"10,380",0.97,104,"1,111"
TIGER KRX300,"14,825",-1.27,104,7
SOL KRX300,"14,795",-1.27,104,1
미래에셋 FnGuide 부산엑스포 추가수익 ETN,"10,355",0,104,-
메리츠 인버스 3X 국채10년 ETN,"20,705",0.75,104,273
KODEX Fn K-뉴딜디지털플러스,"8,625",-0.52,104,252
신한 인버스 은 선물 ETN(H),"5,175",3.71,104,"1,951"
삼성 인버스 구리 선물 ETN(H),"10,340",1.82,103,"5,803"
SOL 유럽탄소배출권선물S&P(H),"14,760",0.85,103,"1,847"
TIGER 글로벌사이버보안INDXX,"9,165",0.05,103,"4,102"
메리츠 국채3년 ETN,"10,250",0,103,-
KOSEF 물가채KIS,"102,430",-0.11,102,670
KODEX 혁신기술테마액티브,"11,345",-0.83,102,666
KODEX KTOP30,"16,965",-0.96,102,338
QV S&P500 버퍼10% 6월 ETN(H),"10,165",0,102,-
KODEX 미국스마트모빌리티S&P,"6,350",-0.47,102,"7,208"
메리츠 인버스 구리 선물 ETN(H),"10,160",0,102,-
QV US 500 월간레버리지 ETN(H),"20,305",0,102,-
삼성 인버스 금 선물 ETN(H),"10,135",0.8,101,1
신한 인버스 Russell 2000 ETN,"10,105",2.12,101,166
HANARO 탄소효율그린뉴딜,"7,770",-1.4,101,497
메리츠 인버스 3X 국채5년 ETN,"20,190",0,101,-
SOL 24-06 국고채액티브,"100,725",-0.06,101,2
대신 알루미늄 선물 ETN(H),"10,040",-2.57,100,178
QV S&P500 버퍼10% 12월 ETN(H),"10,020",0,100,-
KTOP 코스피50,"22,265",-1.31,100,125
메리츠 3X 레버리지 국채3년 ETN,"20,035",-0.27,100,252
메리츠 인버스 3X 국채3년 ETN,"20,035",0,100,-
한국ANKOR유전,143,-1.38,100,"1,019,000"
QV iSelect-WG 그린에너지 ESG ETN,"10,000",0,100,-
TIGER 코스닥150바이오테크,"6,935",-1.42,100,"32,329"
SOL 차이나태양광CSI(합성),"8,295",-0.6,100,"4,202"
메리츠 금 선물 ETN(H),"9,945",0,99,-
KODEX TDF2030액티브,"10,450",0.14,99,955
하나 iSelect-WG 탄소중립 ESG ETN,"9,910",-1.74,99,1
미래에셋 인도네시아 Top5 ETN,"9,910",0.3,99,"9,288"
삼성 금 선물 ETN(H),"9,885",-0.8,99,62
메리츠 인버스 3X 국채30년 ETN,"49,335",1.64,99,676
메리츠 3X 레버리지 국채5년 ETN,"19,710",-0.9,99,37
KBSTAR KRX300,"15,070",-1.02,98,24
TIGER 한중전기차(합성),"10,305",-0.19,98,"2,050"
TRUE 레버리지 베트남 VN30 선물 ETN(H),"9,770",-3.98,98,"29,997"
KODEX 일본TOPIX100,"16,270",0.56,98,175
QV S&P500 버퍼10% 3월 ETN(H),"9,755",0,98,-
메리츠 인버스 2X 국채3년 ETN,"9,750",0,98,-
메리츠 인버스 국채5년 ETN,"9,740",0,97,-
KB 인버스 2X 금 선물 ETN(H),"19,420",1.7,97,142
미래에셋 인버스 에너지화학 Core5 ETN,"4,855",2.43,97,25
KOSEF 200선물인버스2X,"2,995",2.74,97,"227,842"
SOL 차이나육성산업액티브(합성),"7,450",-0.6,97,"1,928"
에셋플러스 글로벌대장장이액티브,"10,260",-1.35,96,"2,302"
미래에셋 인도네시아 금속&에너지 Top5 ETN,"9,640",0.73,96,"51,316"
KB 인버스 2X 구리 선물 ETN(H),"19,250",4.76,96,393
메리츠 3X 레버리지 국채10년 ETN,"19,180",-1.54,96,240
KOSEF 미국달러선물인버스,"9,000",-1.26,95,"2,897"
KODEX 미국S&P바이오(합성),"23,455",-0.49,95,291
ACE 원자력테마딥서치,"10,560",-0.98,95,"3,483"
TRUE 블룸버그 인도네시아 대표원자재 ETN,"9,450",1.89,95,151
KB 레버리지 금 선물 ETN(H),"18,870",0,94,-
삼성 인버스 China A50 선물 ETN(H),"9,425",-0.26,94,6
일양약품우,"21,150",-0.24,94,52
메리츠 구리 선물 ETN(H),"9,405",0,94,-
하나 인버스 2X 콩 선물 ETN(H),"9,375",2.07,94,"2,262"
메리츠 인버스 2X 국채5년 ETN,"9,370",0,94,-
삼성 인버스 2X 금 선물 ETN(H),"9,350",1.91,94,"22,656"
마이다스 KoreaStock액티브,"17,795",-2.14,93,10
KODEX Fn웹툰&드라마,"5,480",-0.81,93,"13,087"
ACE 엔비디아채권혼합블룸버그,"11,615",0.69,93,"10,842"
성신양회우,"12,630",-3,93,"12,740"
ACE 글로벌브랜드TOP10블룸버그,"10,900",0.05,93,"87,517"
태영건설우,"7,110",0,93,"1,246"
삼성 구리 선물 ETN(H),"9,150",-2.19,92,21
삼성 FnGuide 웹 3.0 ETN,"9,125",-2.51,91,7
TIGER 미국나스닥넥스트100,"10,720",-0.05,91,17
크라운제과우,"11,740",-0.51,91,"1,492"
KODEX MSCI Korea,"15,130",-1.14,91,16
TIGER 미국S&P500선물인버스(H),"4,035",0.88,91,"11,254"
ARIRANG 미국S&P500,"10,000",0.3,90,358
삼성 S&P500 VIX S/T 선물 ETN(H) C,"4,500",3.09,90,"27,634"
TRUE 블룸버그 WTI원유 선물 ETN,"8,965",2.63,90,2
삼성 블룸버그 WTI원유 선물 ETN,"8,955",2.17,90,2
KOSEF KRX100,"4,965",-1.39,89,"1,155"
ACE 미국달러단기채권액티브,"9,900",1.33,89,"34,967"
ACE 미국IT인터넷S&P(합성 H),"11,100",-1.94,89,"2,404"
WOORI AI ESG액티브,"8,060",-1.29,89,479
덕성우,"6,360",-1.24,89,"5,115"
KB FnGuide 언택트 ETN,"8,850",-2.48,89,2
ARIRANG 우량회사채50 1년,"110,570",-0.05,88,111
ARIRANG KRX300,"14,720",-1.24,88,120
TRUE 은 선물 ETN,"8,810",-1.51,88,1
TREX 펀더멘탈 200,"35,185",0,88,-
KODEX 콩선물(H),"14,645",-1.28,88,142
코리아써키트2우B,"11,170",-7.15,88,"48,537"
남선알미우,"28,400",-0.7,87,"1,345"
TIGER 한중반도체(합성),"10,235",-1.44,87,15
삼성 KRX 리츠 TOP10 월배당 ETN,"8,685",-0.86,87,60
ACE 코스피,"24,785",-1.41,87,65
메리츠 레버리지 국채10년 ETN,"8,635",-0.69,86,25
ACE 중장기국공채액티브,"96,920",-0.19,86,9
TIMEFOLIO 미국나스닥100액티브,"9,780",-0.25,86,"24,993"
KOSEF Fn중소형,"20,485",-1.09,86,"3,512"
메리츠 CSI 300 ETN,"8,575",0,86,-
삼성 나스닥 100 ETN(H),"8,570",-0.98,86,"2,268"
ACE 싱가포르리츠,"12,240",-0.65,86,86
TRUE 플래티넘 선물 ETN,"8,560",-3,86,5
TIMEFOLIO 미국S&P500액티브,"9,920",-0.05,85,107
메리츠 은 선물 ETN(H),"8,525",0,85,-
KBSTAR 미국빅데이터Top3채권혼합iSelect,"10,655",-0.33,85,"2,005"
TIGER S&P글로벌인프라(합성),"12,155",0.54,85,"7,668"
신한 인버스 달러인덱스 선물 ETN(H),"8,495",-0.59,85,46
메리츠 미국채30년 ETN(H),"8,475",-1.11,85,"4,160"
대신 천연가스 선물 ETN(H),"8,435",5.04,84,"30,382"
KODEX 한중전기차(합성),"10,510",-0.99,84,"1,028"
KB 인버스 KOSPI 200 선물 ETN,"12,005",1.14,84,"2,964"
ARIRANG 국채선물10년,"51,095",-0.16,84,13
삼성 KRX 2차전지 K-뉴딜 ETN,"8,375",-0.77,84,189
FOCUS 혁신기업액티브,"7,575",-1.05,83,4
대상홀딩스우,"9,110",-0.11,83,467
KB 인버스 2X KOSPI 200 선물 ETN,"16,510",2.96,83,"3,127"
KOSEF 미국S&P500(H),"10,310",-0.82,82,53
삼성 코스피 양매도 5% OTM ETN,"8,245",0,82,-
대신 2X 알루미늄 선물 ETN(H),"8,230",-5.4,82,"2,365"
삼성 은 선물 ETN(H),"8,200",-3.64,82,36
KODEX Fn멀티팩터,"11,660",-1.27,82,11
TIGER 우선주,"11,010",-1.34,81,"1,175"
에셋플러스 글로벌영에이지액티브,"10,145",-2.59,81,"1,121"
SOL KEDI메가테크액티브,"11,575",0.3,81,"2,672"
KBSTAR KRX300레버리지,"11,490",-3,80,286
TREX 200,"32,360",-1.39,81,"9,373"
신한 인버스 다우존스지수 선물 ETN(H),"4,045",0.87,81,"6,443"
HANARO 글로벌워터MSCI(합성),"10,100",0,81,-
KBSTAR 글로벌수소경제Indxx,"9,495",-0.99,81,462
KBSTAR KQ고배당,"12,385",-1,81,513
KOSEF 차이나A50커넥트레버리지MSCI(합성H),"10,720",-1.38,80,110
SOL 미국TOP5채권혼합40 Solactive,"10,050",-0.3,80,"1,641"
KOSEF 블루칩,"8,025",-1.29,80,573
ACE 삼성그룹동일가중,"15,985",-0.78,80,"1,275"
하나 코스닥150 선물 ETN,"7,990",-1.78,80,2
HANARO KRX300,"14,435",-1.43,79,32
KOSEF 미국방어배당성장나스닥,"13,170",0.92,79,340
TIGER 이머징마켓MSCI레버리지(합성 H),"6,930",-3.88,79,964
KBSTAR 삼성그룹Top3채권혼합블룸버그,"9,855",-0.71,79,"6,037"
HANARO Fn K-반도체,"7,805",-1.2,78,"2,283"
ACE 미국S&P500채권혼합액티브,"9,750",0.83,78,"3,884"
KB 인버스 KOSDAQ150 선물 ETN,"11,110",1.05,78,479
ACE 중국본토CSI300레버리지(합성),"3,700",1.37,78,"5,511"
HANARO Fn K-메타버스MZ,"7,395",-0.94,78,"3,149"
삼성 알루미늄 선물 ETN,"7,760",0,78,-
동원시스템즈우,"29,300",0,77,115
SOL 한국형글로벌반도체액티브,"9,915",-0.75,77,"3,861"
히어로즈 TDF2040액티브,"10,305",0.1,77,"1,005"
ACE 미국나스닥100채권혼합액티브,"9,650",0.47,77,"1,662"
히어로즈 TDF2050액티브,"10,285",0.19,77,202
KODEX 밸류Plus,"8,545",-0.35,77,1
TRUE 코스닥 150 ETN,"7,685",-1.85,77,2
히어로즈 TDF2030액티브,"10,170",0.25,76,"1,006"
KOSEF 200선물레버리지,"13,130",-3.06,76,"8,674"
KOSEF 코스피100,"23,800",-1.61,76,"1,090"
TRUE 인버스 2X HSCEI ETN(H),"7,600",2.49,76,"24,104"
메리츠 국채30년 ETN,"7,570",-0.79,76,121
HANARO KAP초장기국고채,"37,475",-1.19,76,"1,361"
ACE 레버리지,"5,820",-3,76,"15,326"
ACE 밸류대형,"8,390",-1.06,76,22
KODEX MSCI밸류,"10,725",-1.29,75,1
ARIRANG Apple채권혼합Fn,"9,960",-0.1,75,"1,935"
신한 인버스 2X Russell 2000 ETN,"7,430",2.7,74,"9,076"
ARIRANG 고배당저변동50,"11,420",-0.91,74,"1,049"
KB 레버리지 구리 선물 ETN(H),"14,815",-5.64,74,183
VITA 밸류알파액티브,"9,855",-0.55,74,164
KOSEF 독일DAX,"9,825",-1.21,74,39
KODEX TDF2040액티브,"10,525",0,74,95
KOSEF SK그룹대표주,"9,820",-1.9,74,380
KB 레버리지 KRX 리츠 TOP 10 ETN,"7,365",0,74,-
ACE 스마트밸류,"12,265",-1.25,74,10
TRUE 베트남 VN30 선물 ETN(H),"7,350",-2.33,74,43
TIMEFOLIO K컬처액티브,"7,320",-0.27,73,"2,065"
마이다스 KoreaStock중소형액티브,"19,500",-1.59,73,7
TIGER 금은선물(H),"9,110",-1.03,73,"1,015"
KBSTAR 주식혼합,"36,380",-1.21,73,33
KOSEF 차이나A50커넥트MSCI,"9,700",0,73,-
KODEX 한중반도체(합성),"10,360",-1.33,73,12
마이다스 200커버드콜5%OTM,"12,075",-1.87,72,27
ACE 중국과창판STAR50,"7,210",-0.35,72,"1,416"
ARIRANG KS밸류가중TR,"14,415",-1.33,72,"9,753"
TIGER KTOP30,"8,465",-1.4,72,"1,089"
UNICORN R&D 액티브,"10,265",-1.53,72,11
ARIRANG KS로우사이즈가중TR,"14,370",-0.86,72,"9,409"
KODEX 미국채울트라30년선물인버스(H),"10,265",1.13,72,"2,506"
KBSTAR 글로벌농업경제MV,"10,260",-0.29,72,"3,393"
KODEX TSE일본리츠(H),"11,940",-0.25,72,150
TIGER 코스피중형주,"14,305",0,72,-
HANARO Fn K-푸드,"9,530",-0.68,71,419
TIGER MSCI KOREA ESG유니버설,"9,525",-1.4,71,2
TIGER 의료기기,"14,285",0.21,71,"1,797"
SOL 한국형글로벌전기차&2차전지액티브,"9,645",-0.46,71,"2,424"
대신 S&P WTI원유 선물 ETN,"7,135",1.21,71,2
WOORI 200,"31,710",-1.21,71,65
KBSTAR KRX300미국달러선물혼합,"14,260",-0.18,71,8
신한 인버스 2X 10년 국채선물 ETN,"10,185",0,71,-
미래에셋 천연가스 선물 ETN(H),"3,555",5.02,71,"263,653"
QV US 500 ETN(H),"10,135",0,71,-
동부건설우,"31,400",-0.48,71,"1,516"
ACE 스마트퀄리티,"14,165",-1.39,71,10
TIGER 경기방어채권혼합,"8,840",-0.62,71,"1,189"
금강공업우,"11,910",-1.16,70,488
KB 인버스 2X KOSDAQ 150 선물 ETN,"13,950",-0.46,70,"68,605"
TIGER 200커뮤니케이션서비스,"18,340",-1.29,70,"1,327"
ACE 스마트로우볼,"13,915",-1.14,70,10
KODEX 200 중소형,"11,585",-1.24,70,864
HANARO 미국S&P500,"9,915",0,69,-
신한 인버스 2X S&P500 선물 ETN,"3,470",3.12,69,"44,338"
한양증권우,"13,210",-0.3,69,346
히어로즈 글로벌리츠이지스액티브,"9,210",-1.86,69,8
ACE 미국스팩&IPO INDXX,"5,745",-0.26,69,4
KODEX 모멘텀Plus,"9,845",0,69,-
신한 레버리지 10년 국채선물 ETN,"9,840",-0.35,69,2
ACE 미국30년국채선물레버리지(합성 H),"8,600",-2.55,69,"258,540"
파워 고배당저변동성,"28,665",-0.73,69,92
대원전선우,"2,620",-3.68,69,"3,528"
마이티 코스피100,"24,510",0,69,-
노루페인트우,"14,800",-0.87,69,248
TIGER 200커버드콜ATM,"8,560",-2,68,"21,430"
크라운해태홀딩스우,"11,370",-1.04,68,343
메리츠 STAR 50 ETN,"6,825",0,68,-
KOSEF 차이나A50커넥트인버스MSCI(합성 H),"9,100",0.44,68,107
ACE 스마트모멘텀,"13,530",-1.24,68,10
KODEX 경기소비재,"9,665",-0.87,68,238
금호건설우,"23,050",-3.35,67,990
깨끗한나라우,"18,380",-1.24,67,"4,607"
KBSTAR 유로스탁스50(H),"11,105",-2.67,67,"4,273"
ACE 코스닥(합성),"11,110",0,67,-
메리츠 레버리지 미국채10년 ETN(H),"6,645",-1.34,66,"23,472"
하이트진로홀딩스우,"14,070",0.57,66,209
KBSTAR 글로벌데이터센터리츠나스닥(합성),"10,165",-2.68,66,"1,361"
KBSTAR V&S셀렉트밸류,"13,215",-0.97,66,3
TRUE 인버스 2X 유로스탁스50 ETN(H),"2,195",3.29,66,"175,397"
ACE 일본TOPIX인버스(합성 H),"3,870",0.26,66,"2,235"
HANARO 글로벌신재생에너지MSCI(합성),"9,395",-0.48,66,"1,025"
KBSTAR 차이나항셍테크,"5,695",-1.56,65,"20,429"
TIGER 모멘텀,"21,820",-0.64,65,48
KB 레버리지 FANG 플러스 ETN(H),"13,030",-3.3,65,"3,019"
HANARO Fn5G산업,"10,775",-1.19,65,841
ACE Fn성장소비주도주,"6,415",-1.16,64,28
TIGER 코스닥150IT,"13,345",-0.07,64,255
HANARO 농업융복합산업,"11,625",-1.27,64,52
KBSTAR 수출주,"10,615",-1.12,64,14
대신 S&P 2X 천연가스 선물 ETN,"2,100",10.24,63,"163,547"
KODEX 국채선물3년인버스,"52,665",0,63,-
ARIRANG 심천차이넥스트(합성),"10,500",-0.38,63,188
ARIRANG 코스피,"25,130",-1.47,63,220
삼성 HSCEI ETN(H),"6,270",0,63,-
KBSTAR 5대그룹주,"6,190",-1.35,62,318
서울식품우,"2,780",-1.59,62,"1,505"
ARIRANG KS모멘텀가중TR,"12,365",-1.08,62,"11,226"
HANARO Fn친환경에너지,"8,805",-1.01,62,"2,383"
HANARO 고배당,"11,170",-0.67,61,318
TIGER 차이나항셍25,"13,590",0.37,61,"2,209"
SOL KRX기후변화솔루션,"10,165",0.35,61,445
KODEX MSCI모멘텀,"10,150",0,61,-
ARIRANG 신흥국MSCI인버스(합성 H),"11,695",1.3,61,48
KOSEF 릭소글로벌디지털경제MSCI,"7,560",0,60,-
KBSTAR KRX기후변화솔루션,"10,065",0.2,60,72
MASTER 테크미디어텔레콤액티브,"7,970",-1.24,60,853
ARIRANG K-유니콘투자기업액티브,"9,955",-0.99,60,30
KB 레버리지 KRX 2차전지 K-뉴딜 ETN,"5,930",-2.06,59,"2,416"
ACE 스마트하이베타,"11,825",-1.29,59,92
대신 인버스 철광석 선물 ETN(H) B,"5,905",2.96,59,"1,165"
HANARO Fn조선해운,"9,790",-1.56,59,"4,843"
삼성 레버리지 KRX 2차전지 K-뉴딜 ETN,"5,865",-1.1,59,"6,028"
KODEX 차이나메타버스액티브,"9,770",-0.31,59,215
계양전기우,"5,000",-3.47,58,"3,513"
HANARO 원자력iSelect,"9,725",-0.82,58,"2,945"
KBSTAR 200IT,"13,235",-1.71,58,"23,401"
ARIRANG 글로벌MSCI(합성 H),"14,900",-1.26,58,180
KB 레버리지 은 선물 ETN(H),"11,620",-7,58,251
KODEX 국채선물10년인버스,"53,515",0.67,58,718
신한 인버스 2X 금 선물 ETN,"5,755",3.04,58,"9,661"
미래에셋 S&P 2X 천연가스 선물 ETN(H),"2,290",9.83,57,"230,185"
현대비앤지스틸우,"52,200",0.77,57,44
TIGER 200 산업재,"6,220",-1.43,57,"11,965"
TIGER 200커버드콜5%OTM,"11,400",-1.64,57,"1,165"
KB KOSPI 200 선물 ETN,"8,140",-1.87,57,2
ACE 싱가포르리츠채권혼합모닝스타,"9,450",0.43,57,4
KB KOSDAQ 150 선물 ETN,"8,065",-1.53,56,2
KBSTAR 중소형고배당,"11,290",-0.88,56,252
ACE 베트남VN30선물블룸버그레버리지(H),"8,060",-4.16,56,"151,701"
ARIRANG 단기채권액티브,"107,665",0,56,-
SK네트웍스우,"48,700",-0.61,55,263
HANARO KRX기후변화솔루션,"10,060",0.05,55,159
ARIRANG 탄소효율그린뉴딜,"7,865",-1.07,55,14
메리츠 레버리지 KRX300 선물 ETN,"5,505",0,55,-
TRUE 인버스 나스닥 100 ETN,"5,495",2.23,55,"4,644"
노루홀딩스우,"22,500",-2.39,55,"1,271"
HK S&P코리아로우볼,"12,085",0,54,-
KBSTAR 미국장기국채선물(H),"9,060",-0.98,54,"2,797"
TIGER 200에너지화학레버리지,"10,870",-3.21,54,"1,323"
ACE 국채선물10년인버스,"108,335",0,54,-
TIGER 코스피대형주,"12,025",-1.27,54,"1,487"
ACE 필리핀MSCI(합성),"13,520",-0.18,54,152
ACE 차세대가치주액티브,"10,805",-0.64,54,4
흥국화재우,"7,030",-0.14,54,"4,371"
ARIRANG K리츠Fn,"7,710",-1.09,54,33
TIGER 라틴35,"3,855",-0.77,54,"1,150"
삼성 항셍테크 ETN(H),"5,385",-2.18,54,"1,087"
KODEX K-이노베이션액티브,"9,770",-1.06,54,59
HK 베스트일레븐액티브,"7,670",0,54,-
KBSTAR 200고배당커버드콜ATM,"7,640",-0.78,53,"3,073"
ARIRANG KS로우볼가중TR,"11,835",-1.13,53,"18,603"
WOORI 미국S&P우주항공&디펜스,"10,620",0,53,331
TIGER 200 경기소비재,"14,730",-1.8,53,53
ACE 국채선물3년인버스,"105,735",0,53,-
ARIRANG 스마트베타Quality채권혼합,"10,530",-0.47,53,12
CJ씨푸드1우,"26,300",-2.23,53,655
KBSTAR 우량업종,"10,520",-0.99,53,53
KOSEF 미국ETF산업STOXX,"10,505",-0.47,53,121
SOL 한국형글로벌플랫폼&메타버스액티브,"9,365",-1.52,52,"1,434"
KOSEF 코스닥150선물레버리지,"3,845",0.26,52,"25,925"
TIGER 지주회사,"9,505",-0.73,52,260
미래에셋 인버스 전기전자 Core5 ETN,"2,580",0.98,52,4
ARIRANG KS퀄리티가중TR,"12,805",-1.27,51,"8,146"
KOSEF 코스닥150선물인버스,"8,675",-0.12,51,"10,813"
TRUE 인버스 유로스탁스50 ETN(H) B,"5,105",1.79,51,"20,483"
KOSEF 200선물인버스,"6,295",1.37,51,"4,878"
TIGER 증권,"3,905",-1.51,51,"12,267"
유유제약2우B,"15,570",-0.13,51,90
KBSTAR Fn창업투자회사,"7,025",-0.99,51,315
HANARO 글로벌백신치료제MSCI,"10,090",-2.42,50,46
KBSTAR 헬스케어,"10,070",-1.66,50,"4,782"
HANARO 200선물인버스,"11,190",1.08,50,"1,391"
성문전자우,"8,350",-1.65,50,855
KBSTAR TDF2030액티브,"10,010",-0.55,50,5
KBSTAR 차이나H선물인버스(H),"12,505",0.6,50,697
삼성 KRX BBIG K-뉴딜 ETN,"4,995",-2.15,50,2
ACE Fn5G플러스,"7,125",-0.84,50,26
KBSTAR TDF2040액티브,"9,975",-0.65,50,111
KBSTAR TDF2050액티브,"9,965",-0.6,50,830
WOORI 미국S&P500,"9,720",0.62,49,104
히어로즈 리츠이지스액티브,"7,460",-0.47,48,177
KBSTAR 200중공업,"9,245",-1.44,48,"9,567"
ARIRANG 200동일가중,"9,490",-1.35,47,112
KODEX MSCI퀄리티,"7,895",-1.62,47,2
HANARO Fn골프테마,"6,750",-1.03,47,94
KBSTAR 모멘텀로우볼,"13,460",-1.17,47,"9,955"
KBSTAR 미국장기국채선물레버리지(합성 H),"7,210",-2.17,47,"11,975"
메리츠 블룸버그 2X 천연가스 선물 ETN(H),"2,310",10.53,46,"300,824"
SOL 차이나강소기업CSI500(합성 H),"5,125",0.29,46,"2,372"
MASTER 스마트커머스액티브,"7,680",-1.03,46,452
KODEX 멀티에셋하이인컴(H),"9,160",0,46,-
KBSTAR 모멘텀밸류,"13,045",-0.95,46,39
KODEX MSCI EM선물(H),"7,605",-2.06,46,"30,839"
ARIRANG 코스닥150,"11,395",0.22,46,19
ACE 차이나항셍테크,"5,680",-0.35,45,"25,367"
QV 인버스 레버리지 S&P500 ETN,"2,270",4.37,45,395
ARIRANG 코스닥150선물인버스,"7,505",0.07,45,"3,920"
TIGER 200 생활소비재,"8,770",-1.46,44,471
진흥기업우B,"5,100",0.79,44,592
ARIRANG 글로벌D램반도체iSelect,"10,845",-1.41,43,674
KBSTAR Fn플랫폼테마,"7,690",-0.32,43,323
KBSTAR Fn K-뉴딜디지털플러스,"8,595",-0.81,43,3
마이티 200커버드콜ATM레버리지,"7,075",0,42,-
미래에셋 인버스 원유선물혼합 ETN(H),"4,225",0,42,"2,639"
ARIRANG 중형주저변동50,"10,545",-0.71,42,15
ARIRANG 코스피중형주,"10,430",-0.95,42,37
HK 하이볼액티브,"7,505",-1.38,41,369
동양우,"6,560",0.61,41,14
ARIRANG 글로벌수소&차세대연료전지MV,"8,055",-2.13,40,"1,675"
동양2우B,"13,010",-0.46,40,526
진흥기업2우B,"13,610",-0.15,40,16
KBSTAR 코스닥150선물인버스,"5,010",0.3,40,"16,173"
KODEX 퀄리티Plus,"7,875",-1.38,39,2
TIGER 방송통신,"7,760",-0.39,39,"3,453"
HANARO 코스닥150선물레버리지,"7,750",0.13,39,"1,604"
KBSTAR 200금융,"8,380",-0.65,39,"10,445"
KBSTAR 팔라듐선물(H),"7,700",-3.63,39,"16,127"
HANARO 미국메타버스iSelect,"8,425",-2.03,38,"2,402"
TIGER 금속선물(H),"6,290",-2.48,38,"1,844"
ARIRANG 글로벌희토류전략자원기업MV,"8,250",-0.9,37,"2,753"
KODEX 골드선물인버스(H),"7,245",0.76,36,"1,939"
ACE 인버스,"6,000",1.44,36,"3,707"
TRUE 레버리지 HSCEI ETN(H),"3,595",-2.57,36,"17,757"
메리츠 천연가스 선물 ETN(H),"3,580",5.45,36,"62,031"
ARIRANG 국채선물3년,"52,410",-0.1,36,5
삼성 레버리지 HSCEI ETN(H),"3,160",-2.02,32,"1,148"
TIGER KRX BBIG K-뉴딜레버리지,"2,950",-3.28,31,"9,928"
흥국화재2우B,"19,710",0.46,30,792
KBSTAR 미국장기국채선물인버스(H),"10,080",2.23,30,44
KBSTAR 200경기소비재,"9,340",-0.8,30,5
KBSTAR 글로벌원자력iSelect,"9,755",0.67,29,562
ARIRANG 주도업종,"8,290",-1.37,29,48
KBSTAR 미국장기국채선물인버스2X(합성 H),"9,400",2.51,28,572
ARIRANG 글로벌인공지능산업MV,"9,230",-0.38,28,"8,763"
KBSTAR 팔라듐선물인버스(H),"5,300",2.81,27,"2,335"
신한 인버스 브렌트원유 선물 ETN(H),"2,550",0,26,35
하나 블룸버그 2X 천연가스 선물 ETN(H),"2,320",10.74,23,"236,758"
KBSTAR 200건설,"11,440",-0.65,23,47
ARIRANG 미국대체투자Top10MV,"11,420",-0.52,23,137
ARIRANG ESG우수기업,"9,120",-0.33,23,20
ARIRANG KRX300헬스케어,"7,780",-1.27,22,"1,537"
삼성 레버리지 KRX BBIG K-뉴딜 ETN,"2,165",-0.92,22,68
KB 레버리지 KRX BBIG K-뉴딜 ETN,"2,140",-3.17,21,318
ARIRANG TDF2060액티브,"10,195",-1.88,21,363
ARIRANG TDF2040액티브,"10,195",0.34,21,96
ARIRANG TDF2030액티브,"10,170",0.49,20,228
KBSTAR 200철강소재,"8,665",-0.74,19,451
KBSTAR 국채30년레버리지KAP(합성),"18,955",-1.56,19,"228,595"
ARIRANG TDF2050액티브,"10,155",0.3,18,46
KBSTAR 200커뮤니케이션서비스,"11,470",-1.5,16,"5,502"
KBSTAR 200생활소비재,"6,650",-1.48,15,153
KBSTAR 200에너지화학,"10,405",-1.65,15,46
KBSTAR 200산업재,"11,505",-0.95,12,"1,502"
QV 블룸버그 2X 천연가스 선물 ETN(H),"2,290",10.36,11,"16,826"
