종목,시세,등락률,시가총액,거래량
삼성전자,"61,300",-1.13,"3,659,477","10,134,614"
LG에너지솔루션,"511,000",0.79,"1,195,740","238,037"
SK하이닉스,"91,000",-1.83,"662,482","2,337,566"
삼성바이오로직스,"783,000",-0.76,"557,292","38,753"
LG화학,"669,000",0.15,"472,263","144,188"
삼성SDI,"680,000",-0.15,"467,599","198,354"
삼성전자우,"54,500",-1.09,"448,473","647,118"
현대차,"173,900",-1.31,"367,853","359,493"
NAVER,"208,000",-2.58,"341,222","846,827"
기아,"75,300",-1.44,"305,239","974,422"
카카오,"61,800",-1.12,"275,328","1,327,089"
POSCO홀딩스,"322,000",-2.87,"272,319","759,055"
셀트리온,"149,300",0.20,"210,243","480,877"
삼성물산,"112,400",-0.62,"210,061","222,263"
KB금융,"50,700",1.40,"207,311","1,347,535"
현대모비스,"219,000",0.69,"206,484","171,495"
신한지주,"38,750",0.26,"197,154","1,202,041"
LG전자,"113,400",-1.13,"185,577","709,230"
포스코케미칼,"215,500",-0.92,"166,933","572,471"
SK이노베이션,"155,100",-0.89,"143,414","371,919"
삼성생명,"67,800",0.30,"135,600","184,457"
하나금융지주,"45,300",0.22,"134,044","824,789"
SK,"180,400",-1.15,"133,765","188,955"
LG,"84,800",0.47,"133,391","205,773"
KT&G,"90,300",0.00,"123,975","308,242"
카카오뱅크,"25,250",-1.17,"120,374","1,270,221"
한국전력,"18,360",0.49,"117,865","961,593"
고려아연,"588,000",-1.34,"116,795","49,007"
HMM,"23,050",1.10,"112,724","2,313,940"
삼성전기,"147,500",-1.99,"110,173","282,635"
LG생활건강,"672,000",-0.44,"104,954","45,620"
두산에너빌리티,"16,320",-0.06,"104,172","4,265,809"
삼성화재,"213,500",0.47,"101,145","91,094"
SK텔레콤,"45,100",0.45,"98,694","1,043,658"
현대중공업,"110,900",-0.98,"98,449","100,679"
삼성에스디에스,"126,800",-0.55,"98,115","77,316"
엔씨소프트,"438,500",-3.09,"96,268","96,427"
S-Oil,"82,100",0.86,"92,430","177,846"
우리금융지주,"12,310",0.82,"89,624","1,974,865"
크래프톤,"172,500",-0.98,"84,934","179,674"
대한항공,"23,050",0.00,"84,875","836,437"
아모레퍼시픽,"144,800",-0.89,"84,698","126,724"
카카오페이,"61,100",-0.81,"81,679","386,987"
기업은행,"10,200",0.29,"81,337","761,961"
한화솔루션,"41,600",1.09,"79,572","2,550,912"
KT,"30,450",-3.94,"79,509","4,416,397"
롯데케미칼,"182,900",-2.14,"78,236","93,236"
메리츠금융지주,"43,600",4.18,"75,971","943,130"
하이브,"183,200",-2.40,"75,759","226,029"
LG이노텍,"283,000",-2.58,"66,978","219,057"
KODEX 200,"32,100",-0.90,"62,868","3,342,650"
한국조선해양,"85,400",0.12,"60,440","162,884"
현대글로비스,"161,000",-0.31,"60,375","75,144"
SK스퀘어,"39,300",3.83,"55,597","856,194"
F&F,"142,900",1.06,"54,741","93,435"
LG디스플레이,"15,240",-2.93,"54,531","1,596,926"
SK바이오사이언스,"70,900",-1.39,"54,440","193,536"
넷마블,"63,000",-2.48,"54,151","312,609"
삼성엔지니어링,"26,800",-0.37,"52,528","546,140"
DB손해보험,"73,900",1.93,"52,321","203,914"
SK바이오팜,"65,500",-1.50,"51,295","94,112"
삼성중공업,"5,770",0.35,"50,776","3,549,495"
맥쿼리인프라,"12,500",0.24,"50,606","390,489"
오리온,"126,400",-2.62,"49,974","85,161"
CJ제일제당,"327,500",0.92,"49,302","68,524"
한온시스템,"9,170",-0.65,"48,949","581,959"
TIGER CD금리투자KIS(합성),"51,965",0.00,"48,936","375,694"
현대제철,"36,450",-3.44,"48,641","724,943"
LG유플러스,"10,910",0.55,"47,634","1,137,707"
HD현대,"60,100",0.00,"47,475","95,220"
금호석유,"161,700",0.37,"47,401","115,023"
SK아이이테크놀로지,"65,700",-0.15,"46,843","166,547"
한국타이어앤테크놀로지,"37,750",-1.69,"46,763","222,155"
한화에어로스페이스,"92,200",3.60,"46,681","948,135"
한국항공우주,"46,500",0.54,"45,326","1,608,814"
강원랜드,"20,550",-0.48,"43,965","415,297"
미래에셋증권,"7,140",0.99,"43,934","655,192"
포스코인터내셔널,"24,200",1.47,"42,573","980,313"
현대건설,"38,000",-2.56,"42,315","424,127"
메리츠증권,"6,810",2.25,"41,884","1,510,413"
유한양행,"53,500",4.09,"41,002","621,469"
코웨이,"53,500",-0.74,"39,483","276,876"
GS,"42,200",0.12,"39,210","104,772"
두산밥캣,"38,500",0.52,"38,596","241,701"
팬오션,"6,620",0.76,"35,389","5,152,893"
삼성카드,"30,500",-0.33,"35,337","43,539"
SKC,"93,200",-0.96,"35,293","226,165"
아모레G,"41,050",-0.61,"33,849","275,783"
현대차2우B,"93,000",-0.85,"33,592","54,943"
한국금융지주,"60,100",-0.17,"33,491","89,103"
한미약품,"261,000",-0.95,"32,787","20,492"
이마트,"116,300",-1.11,"32,420","72,653"
롯데지주,"30,850",-0.48,"32,364","80,696"
현대오토에버,"115,100",-1.62,"31,565","63,779"
BGF리테일,"181,900",0.28,"31,439","28,182"
호텔신라,"79,700",0.13,"31,281","168,527"
현대해상,"34,950",3.25,"31,245","586,509"
GS리테일,"29,750",-0.50,"31,154","144,809"
KODEX KOFR금리액티브(합성),"102,215",0.02,"30,783","58,429"
NH투자증권,"9,280",0.00,"30,779","229,641"
TIGER 차이나전기차SOLACTIVE,"11,915",-0.91,"30,278","3,227,675"
현대미포조선,"74,900",-0.40,"29,917","191,665"
한진칼,"44,600",5.69,"29,776","356,415"
삼성증권,"32,950",-0.90,"29,424","221,052"
쌍용C&E,"5,760",-0.52,"29,022","529,425"
한국가스공사,"31,200",1.63,"28,802","260,067"
KODEX 200선물인버스2X,"2,910",1.93,"28,553","141,633,768"
일진머티리얼즈,"61,700",-0.96,"28,450","185,660"
씨에스윈드,"66,900",2.14,"28,213","227,712"
현대로템,"25,750",0.59,"28,104","1,285,291"
대우조선해양,"25,950",-0.19,"27,842","431,608"
키움증권,"106,100",-0.93,"27,819","38,384"
동원산업,"51,900",1.57,"25,941","88,601"
KODEX 종합채권(AA-이상)액티브,"103,985",0.18,"25,366","12,452"
에스디바이오센서,"24,050",-4.18,"25,121","748,475"
롯데쇼핑,"87,400",-1.35,"24,724","51,362"
한화생명,"2,835",0.89,"24,623","4,914,427"
한전기술,"64,000",-0.16,"24,461","162,980"
CJ,"83,500",0.85,"24,363","41,165"
서울가스,"483,500",0.73,"24,175","6,266"
한화시스템,"12,580",-8.38,"23,766","2,720,680"
휠라홀딩스,"39,000",-0.64,"23,693","183,592"
제일기획,"20,200",-0.49,"23,238","420,630"
LG화학우,"300,000",-1.32,"23,066","11,611"
금양,"39,500",1.41,"22,930","8,925,722"
한미사이언스,"32,700",-1.36,"22,876","104,296"
두산퓨얼셀,"34,750",-1.42,"22,759","189,510"
한솔케미칼,"199,800",-3.01,"22,648","69,014"
OCI,"93,900",-3.20,"22,395","286,170"
농심,"368,000",1.66,"22,384","15,723"
KCC,"251,000",-2.71,"22,305","43,709"
현대차우,"91,800",-1.18,"22,136","33,931"
BNK금융지주,"6,770",-0.29,"22,066","742,510"
코스모신소재,"71,800",1.13,"22,007","475,536"
HL만도,"46,650",0.11,"21,905","143,049"
LS,"67,800",-1.31,"21,832","83,874"
TIGER 미국나스닥100,"70,870",0.40,"21,346","50,918"
에스원,"56,000",-0.36,"21,280","38,494"
TIGER MSCI Korea TR,"13,365",-0.82,"21,264","72,194"
한화,"27,450",-0.18,"20,576","83,385"
대성홀딩스,"127,700",-1.84,"20,546","51,951"
DB하이텍,"46,200",-1.81,"20,512","493,364"
신세계,"206,500",-0.48,"20,330","77,462"
KODEX 200TR,"10,800",-0.87,"20,056","97,476"
삼천리,"494,500",1.23,"20,052","21,460"
효성티앤씨,"461,500",-1.81,"19,972","25,608"
GS건설,"23,250",-3.33,"19,898","783,226"
동서,"19,680",-1.11,"19,621","62,956"
영원무역,"44,100",-1.78,"19,541","55,410"
TIGER 200,"32,120",-0.80,"19,433","527,361"
KODEX 레버리지,"14,945",-1.84,"19,107","20,839,617"
CJ대한통운,"83,300",-0.60,"19,003","35,871"
대우건설,"4,535",-1.31,"18,848","713,627"
효성첨단소재,"417,500",-2.11,"18,704","25,709"
대한전선,"1,501",-1.96,"18,680","10,750,559"
JB금융지주,"9,290",0.43,"18,300","423,608"
TIGER 미국S&P500,"13,100",0.46,"18,170","1,084,034"
오뚜기,"446,500",-0.22,"17,895","1,857"
현대두산인프라코어,"8,880",-1.33,"17,561","2,442,760"
하이트진로,"24,850",0.00,"17,428","83,597"
솔루스첨단소재,"48,950",-1.71,"17,187","382,034"
LIG넥스원,"77,300",3.20,"17,006","332,686"
쌍용차,"8,760",0.00,"16,377",-
롯데칠성,"170,100",-0.58,"15,783","20,490"
TIGER 미국필라델피아반도체나스닥,"10,400",1.36,"15,522","658,950"
한미반도체,"15,850",0.70,"15,428","1,054,646"
LX세미콘,"94,500",-2.38,"15,370","121,524"
롯데정밀화학,"59,400",-0.83,"15,325","53,992"
LS ELECTRIC,"50,500",-1.17,"15,150","111,235"
현대위아,"55,400",-1.60,"15,066","161,062"
두산,"90,400",-0.77,"14,938","183,762"
한전KPS,"33,050",-0.75,"14,873","68,672"
효성,"69,400",-1.56,"14,623","29,118"
TIGER 미국테크TOP10 INDXX,"9,770",0.31,"14,621","251,724"
현대일렉트릭,"39,950",-0.62,"14,401","148,587"
녹십자,"120,400",-1.23,"14,071","34,962"
SK케미칼,"81,300",-0.37,"14,027","32,186"
대웅제약,"119,200",0.00,"13,811","88,277"
동국제강,"14,300",-2.12,"13,647","412,164"
아이에스동서,"43,550",-0.91,"13,454","915,794"
DL이앤씨,"34,250",-2.70,"13,253","173,652"
DGB금융지주,"7,800",-0.64,"13,193","463,916"
덴티움,"117,200",-0.76,"12,973","49,491"
코스모화학,"37,000",-2.63,"12,953","3,286,929"
현대백화점,"55,300",-0.72,"12,942","77,275"
TIGER 2차전지테마,"21,830",0.48,"12,934","993,882"
코오롱인더,"46,700",-2.30,"12,851","98,777"
한국앤컴퍼니,"13,430",-0.52,"12,750","36,212"
KODEX 단기채권PLUS,"105,690",0.01,"12,748","16,090"
LX인터내셔널,"32,650",-0.15,"12,655","127,851"
KODEX 2차전지산업,"22,435",0.29,"12,541","1,593,702"
에스엘,"27,000",-1.64,"12,541","139,191"
KODEX 삼성그룹,"9,030",-0.50,"12,371","212,215"
GKL,"19,990",-1.77,"12,365","309,516"
DL,"58,300",-1.02,"12,217","71,268"
KBSTAR 200,"32,305",-0.90,"12,098","114,737"
제주항공,"15,680",-0.25,"12,073","380,277"
후성,"12,700",-3.20,"11,983","1,221,085"
영풍,"640,000",0.00,"11,789","2,943"
대한유화,"179,900",-5.27,"11,694","96,495"
SK가스,"126,300",0.40,"11,658","4,131"
율촌화학,"47,000",0.21,"11,656","66,149"
현대엘리베이,"28,200",-1.91,"11,510","59,043"
일진하이솔루스,"31,550",-0.79,"11,457","45,937"
현대건설기계,"57,600",-1.54,"11,348","88,531"
코리안리,"8,000",1.27,"11,266","388,178"
롯데제과,"118,800",-1.00,"11,208","5,183"
동원시스템즈,"38,550",-3.26,"11,176","54,325"
한샘,"45,750",-1.82,"10,767","27,830"
신풍제약,"20,300",-1.22,"10,756","194,788"
KODEX 23-12 은행채(AA+이상)액티브,"10,190",0.00,"10,687","31,747"
솔루엠,"21,200",-1.40,"10,601","108,210"
더존비즈온,"34,700",1.31,"10,543","79,867"
아시아나항공,"14,150",0.86,"10,529","203,536"
TIGER 단기통안채,"102,625",0.02,"10,452","1,430,111"
대웅,"17,880",-0.50,"10,396","79,263"
NHN,"28,800",-0.17,"10,373","66,372"
롯데관광개발,"13,990",-1.48,"10,270","533,870"
SK네트웍스,"4,130",-0.48,"10,250","658,209"
PI첨단소재,"34,850",-2.65,"10,234","160,868"
대덕전자,"20,700",-1.66,"10,229","333,174"
종근당,"81,000",1.00,"10,180","18,469"
오리온홀딩스,"16,070",-0.37,"10,067","41,255"
TIGER TOP10,"10,460",-0.66,"10,057","64,528"
SK리츠,"5,100",0.00,"10,024","156,758"
풍산,"35,750",-1.65,"10,019","174,343"
F&F홀딩스,"25,550",0.79,"9,994","132,900"
롯데렌탈,"27,000",-0.37,"9,891","23,256"
KODEX 인버스,"4,790",0.84,"9,815","24,095,798"
하나투어,"60,900",-0.33,"9,768","54,638"
다우기술,"21,700",-2.47,"9,736","101,384"
금호타이어,"3,365",-0.59,"9,666","254,121"
명신산업,"18,300",-2.14,"9,602","274,890"
영원무역홀딩스,"70,200",1.01,"9,572","16,085"
한국콜마,"41,800",0.00,"9,564","34,418"
롯데리츠,"3,905",3.72,"9,488","201,028"
KODEX Top5PlusTR,"15,805",-1.31,"9,341","3,636"
코스맥스,"80,900",-0.12,"9,182","56,727"
삼양식품,"121,000",-0.49,"9,115","34,173"
KODEX 코스닥150레버리지,"8,125",-1.81,"9,003","14,939,816"
제이알글로벌리츠,"4,540",1.11,"8,961","132,814"
미원상사,"182,500",-0.05,"8,851","1,959"
태광산업,"786,000",-1.26,"8,751",792
KBSTAR KIS종합채권(A-이상)액티브,"96,540",0.32,"8,677",182
ESR켄달스퀘어리츠,"4,060",2.01,"8,651","139,743"
KG스틸,"8,610",-4.55,"8,611","3,124,620"
더블유게임즈,"46,800",0.86,"8,599","25,706"
이노션,"42,800",0.47,"8,560","8,988"
LG전자우,"49,500",-0.80,"8,507","28,261"
진에어,"16,270",0.68,"8,493","69,843"
한일시멘트,"12,070",-0.25,"8,360","66,964"
CJ CGV,"17,340",-2.14,"8,275","103,265"
세방,"42,700",1.79,"8,245","194,888"
한올바이오파마,"15,740",-1.13,"8,223","101,476"
신세계인터내셔날,"22,850",-3.18,"8,157","198,696"
바이오노트,"7,980",-1.48,"8,130","461,632"
TKG휴켐스,"19,390",-1.27,"7,926","52,233"
대한해운,"2,445",-0.61,"7,804","1,165,094"
SBS,"42,700",2.89,"7,794","415,919"
녹십자홀딩스,"15,980",-0.50,"7,515","74,482"
넥센타이어,"7,650",-0.78,"7,472","84,836"
KODEX 단기채권,"105,080",0.02,"7,471","425,381"
TIGER 200 IT,"30,090",-0.53,"7,450","110,720"
SNT모티브,"49,700",0.30,"7,268","29,398"
미원에스씨,"141,400",0.71,"7,211","1,297"
세방전지,"51,300",-0.97,"7,182","77,749"
동양생명,"4,395",1.27,"7,092","106,744"
현대그린푸드,"7,250",3.42,"7,084","1,014,317"
우리종금,800,-1.11,"6,994","862,448"
쏘카,"21,350",-2.29,"6,993","73,497"
HDC현대산업개발,"10,600",-1.85,"6,986","197,391"
제주은행,"21,650",-0.92,"6,956","1,463,777"
대상,"20,050",0.00,"6,947","73,406"
한세실업,"17,330",0.87,"6,932","116,617"
해성디에스,"39,900",-0.37,"6,783","102,842"
DN오토모티브,"67,500",-2.03,"6,746","22,311"
삼양홀딩스,"78,000",-0.64,"6,680","16,153"
한화투자증권,"3,110",0.97,"6,672","692,623"
대신증권,"13,130",-0.45,"6,667","21,332"
세아제강지주,"160,800",0.50,"6,660","10,860"
쿠쿠홈시스,"29,550",0.34,"6,630","13,945"
효성중공업,"70,800",-2.75,"6,602","101,704"
세아베스틸지주,"18,370",-2.13,"6,588","89,423"
한섬,"26,650",-0.19,"6,564","65,026"
LX홀딩스,"8,520",0.59,"6,499","184,079"
삼성 인버스 2X 천연가스 선물 ETN C,"64,840",-12.25,"6,484","95,375"
드림텍,"9,610",1.16,"6,478","170,667"
일동제약,"24,050",-2.04,"6,446","219,094"
KCC글라스,"40,300",-2.42,"6,436","35,150"
동원F&B,"166,300",-0.42,"6,418","3,391"
티와이홀딩스,"12,600",-0.47,"6,417","111,670"
현대홈쇼핑,"52,500",-0.38,"6,300","9,295"
KODEX 자동차,"17,700",-0.81,"6,284","188,688"
SK디스커버리,"33,000",-0.90,"6,282","20,102"
KODEX 코스닥150,"11,145",-1.11,"6,247","5,797,920"
KODEX MSCI Korea TR,"10,630",-0.75,"6,240","119,941"
보령,"9,080",0.22,"6,237","114,162"
티웨이항공,"3,190",-1.54,"6,202","1,140,556"
부광약품,"8,710",-3.01,"6,190","210,328"
동아쏘시오홀딩스,"97,300",-0.51,"6,177","2,954"
영진약품,"3,345",-1.62,"6,118","265,645"
프레스티지바이오파마,"10,170",0.59,"6,112","62,460"
SPC삼립,"70,700",-1.12,"6,101","5,331"
LG생활건강우,"289,500",-1.03,"6,079","4,777"
이수페타시스,"9,420",15.87,"5,958","46,643,504"
한국단자,"57,000",-0.35,"5,937","4,083"
ARIRANG 200,"32,765",-0.97,"5,930","30,168"
파미셀,"9,850",-1.40,"5,912","244,509"
케이카,"12,190",-0.16,"5,862","262,945"
자화전자,"28,850",-0.35,"5,842","120,807"
삼아알미늄,"39,500",-0.50,"5,811","246,791"
이수화학,"20,750",0.73,"5,802","469,867"
지누스,"30,650",-2.54,"5,793","79,272"
쿠쿠홀딩스,"16,080",-0.37,"5,718","7,899"
신영증권,"60,100",-0.17,"5,641",601
진원생명과학,"7,250",-2.16,"5,637","336,142"
유안타증권,"2,820",0.89,"5,629","112,127"
화승엔터프라이즈,"9,280",-2.01,"5,623","146,271"
한화손해보험,"4,770",3.47,"5,568","1,165,602"
QV 코스피 변동성 매칭형 양매도 ETN,"7,910",0.00,"5,537",-
현대에너지솔루션,"49,250",-2.67,"5,516","92,545"
HSD엔진,"7,670",-3.03,"5,487","754,201"
HANARO 200,"32,185",-0.88,"5,455","5,656"
고려제강,"21,750",-2.68,"5,438","39,726"
TIGER 글로벌리튬&2차전지SOLACTIVE(합성),"9,435",0.48,"5,416","43,109"
유니드,"79,500",-1.61,"5,380","28,884"
경동나비엔,"36,650",-2.66,"5,339","50,084"
KBSTAR 23-11 회사채(AA-이상)액티브,"51,375",-0.02,"5,325","16,978"
ACE 종합채권(AA-이상)KIS액티브,"94,925",0.32,"5,307",131
삼성 레버리지 WTI원유 선물 ETN,"1,310",4.80,"5,292","1,692,345"
DI동일,"20,650",7.44,"5,280","501,829"
ACE 미국S&P500,"13,240",0.53,"5,230","89,087"
동아에스티,"61,900",-1.59,"5,228","5,996"
미래에셋생명,"2,930",1.74,"5,187","79,779"
삼성화재우,"161,600",-0.19,"5,158","8,377"
LF,"17,630",0.69,"5,155","53,182"
미래에셋증권2우B,"3,680",0.14,"5,152","156,017"
KBSTAR 단기통안채,"106,930",0.02,"5,102","978,965"
NICE,"13,450",-0.59,"5,095","12,599"
KODEX 선진국MSCI World,"20,605",0.66,"5,089","60,830"
한국카본,"11,570",-2.03,"5,086","371,452"
동일산업,"207,000",0.73,"5,020","2,803"
효성화학,"156,800",-1.45,"5,002","40,392"
아모레퍼시픽우,"47,200",-0.74,"4,983","9,808"
엠씨넥스,"27,650",-1.25,"4,971","48,297"
롯데손해보험,"1,590",0.00,"4,934","173,356"
TIGER 미국달러단기채권액티브,"11,190",0.54,"4,928","75,572"
삼성SDI우,"303,500",0.66,"4,910","3,095"
신한알파리츠,"6,650",0.76,"4,910","79,120"
애경산업,"18,580",0.22,"4,907","34,704"
삼화콘덴서,"46,550",-1.79,"4,839","80,802"
신한 레버리지 WTI원유 선물 ETN(H),955,4.37,"4,775","958,541"
에어부산,"4,090",-1.45,"4,771","517,820"
KOSEF 200TR,"39,255",-0.88,"4,750","9,514"
콘텐트리중앙,"24,500",-2.58,"4,719","129,631"
KODEX 코스닥150선물인버스,"4,775",1.06,"4,703","27,138,046"
KODEX 미국S&P500TR,"11,695",0.56,"4,637","343,203"
삼양사,"44,800",-1.32,"4,620","14,780"
JW중외제약,"20,700",-2.13,"4,591","61,939"
코람코에너지리츠,"5,180",0.97,"4,586","39,541"
KB스타리츠,"4,500",-0.66,"4,564","49,766"
SK디앤디,"20,550",-0.48,"4,560","10,383"
송원산업,"18,870",-4.02,"4,529","199,051"
남해화학,"9,070",-1.20,"4,506","183,142"
BGF,"4,650",-0.43,"4,451","113,212"
SGC에너지,"30,300",0.66,"4,447","20,189"
남양유업,"610,000",0.33,"4,392","3,314"
롯데정보통신,"28,100",-0.35,"4,326","27,348"
TIGER 단기채권액티브,"51,555",0.01,"4,299","898,285"
TIGER KRX2차전지K-뉴딜,"15,200",0.10,"4,271","327,297"
세아홀딩스,"106,500",-1.48,"4,260",232
TYM,"2,785",-3.13,"4,243","5,203,737"
신영증권우,"60,000",-0.17,"4,232",752
TIGER KOFR금리액티브(합성),"100,800",0.01,"4,231","3,388"
ACE 미국나스닥100,"12,190",0.54,"4,230","64,585"
풀무원,"11,090",4.33,"4,228","1,169,070"
ACE 200,"32,490",-0.87,"4,175","2,573"
빙그레,"42,350",0.12,"4,172","11,522"
에이프로젠,"1,640",-2.67,"4,160","1,113,683"
KODEX 단기변동금리부채권액티브,"105,850",0.05,"4,159","3,087"
국도화학,"45,600",1.45,"4,109","40,266"
애경케미칼,"8,380",-1.64,"4,077","263,480"
세아제강,"142,800",-2.46,"4,050","8,044"
TIGER 24-10 회사채(A+이상)액티브,"52,030",0.08,"4,019","78,085"
KODEX 미국FANG플러스(H),"20,745",-0.50,"4,018","62,996"
KODEX 미국나스닥100TR,"10,480",0.38,"3,982","100,212"
TIGER 미국S&P500선물(H),"46,460",-0.02,"3,961","164,633"
잇츠한불,"17,990",1.01,"3,945","26,874"
맵스리얼티1,"4,125",0.36,"3,829","30,581"
스카이라이프,"7,980",-0.37,"3,816","47,340"
코리아써키트,"15,830",1.80,"3,739","324,588"
케이씨텍,"17,850",-0.11,"3,724","14,223"
한국자산신탁,"2,995",-0.83,"3,713","95,115"
교보증권,"5,720",-0.87,"3,698","15,802"
HDC,"6,190",-0.48,"3,698","57,199"
영풍제지,"16,480",1.04,"3,674","96,888"
TIGER 차이나항셍테크,"5,800",-2.11,"3,669","1,766,665"
휴스틸,"6,520",-2.40,"3,663","1,874,555"
KEC,"2,530",-0.39,"3,663","2,705,114"
유나이티드제약,"22,500",-1.96,"3,655","98,357"
KBSTAR KIS단기종합채권(AA-이상)액티브,"103,190",0.02,"3,635","1,342"
서흥,"31,300",-2.34,"3,621","22,169"
흥아해운,"1,504",-2.15,"3,616","764,689"
웅진씽크빅,"3,120",-2.19,"3,604","2,126,575"
일양약품,"18,830",-0.58,"3,594","33,591"
아세아시멘트,"9,190",-1.18,"3,580","72,796"
ARIRANG 종합채권(AA-이상)액티브,"101,570",0.36,"3,575",1
SK증권,751,-3.72,"3,549","8,075,451"
코오롱모빌리티그룹,"5,610",-3.94,"3,522","1,017,055"
코오롱플라스틱,"9,230",-2.12,"3,507","112,651"
SIMPAC,"5,350",-1.83,"3,500","148,409"
퍼시스,"30,300",0.00,"3,485","1,094"
한일현대시멘트,"18,020",-1.21,"3,483","13,825"
신성이엔지,"1,690",-1.05,"3,479","808,387"
신성통상,"2,420",-0.41,"3,478","207,155"
TIGER 글로벌자율주행&전기차SOLACTIVE,"9,980",0.35,"3,469","23,845"
KOSEF 국고채10년,"109,580",0.42,"3,452","23,091"
LG헬로비전,"4,440",-0.56,"3,439","204,029"
KISCO홀딩스,"21,250",1.92,"3,437","26,306"
이연제약,"19,010",-1.20,"3,422","39,527"
신대양제지,"84,900",-0.12,"3,421",250
DL건설,"15,450",-0.90,"3,407","29,001"
TIGER 일본니케이225,"15,730",1.65,"3,407",646
아이마켓코리아,"10,190",0.39,"3,406","18,471"
대원제약,"15,460",-1.59,"3,396","86,765"
신도리코,"33,600",-0.59,"3,387","16,352"
E1,"49,200",-0.71,"3,375","9,485"
HL홀딩스,"32,200",-2.42,"3,372","28,527"
한일홀딩스,"10,920",-0.09,"3,367",630
HJ중공업,"4,020",-0.62,"3,348","58,608"
지역난방공사,"28,850",-0.69,"3,340",880
현대퓨처넷,"3,030",-3.04,"3,339","263,079"
세진중공업,"5,870",-1.51,"3,337","132,324"
이리츠코크렙,"5,250",1.16,"3,325","38,792"
아세아제지,"37,000",-0.13,"3,314","20,881"
대한제강,"13,410",-2.12,"3,305","71,937"
한국토지신탁,"1,307",-0.15,"3,300","631,483"
농심홀딩스,"70,600",0.43,"3,274","2,257"
LX하우시스,"36,500",-2.80,"3,273","24,462"
YG PLUS,"5,160",-2.82,"3,273","272,445"
KG케미칼,"23,600",-1.67,"3,272","56,665"
수산인더스트리,"22,900",-0.43,"3,271","39,928"
키다리스튜디오,"8,850",-0.34,"3,271","96,539"
대신증권우,"12,500",0.00,"3,250","14,193"
조선내화,"81,200",0.00,"3,248",712
한화3우B,"14,440",-0.82,"3,245","18,692"
화신,"9,290",1.09,"3,244","592,832"
삼진제약,"23,250",-0.43,"3,232","52,933"
한진,"21,600",0.23,"3,229","18,327"
락앤락,"6,420",-0.47,"3,223","29,848"
SK렌터카,"6,790",-0.88,"3,211","31,663"
일신방직,"133,500",-0.67,"3,204","15,018"
환인제약,"17,200",-0.29,"3,199","14,472"
조광피혁,"48,050",0.00,"3,195",235
KOSEF 200,"32,155",-0.88,"3,183","32,228"
SNT중공업,"9,570",-1.85,"3,182","97,207"
롯데하이마트,"13,430",-1.40,"3,171","21,852"
STX엔진,"13,550",-1.38,"3,118","19,444"
코오롱글로벌,"16,450",-1.56,"3,114","104,409"
한국철강,"7,310",-1.62,"3,103","161,685"
한미글로벌,"28,300",1.43,"3,101","406,659"
한국쉘석유,"238,500",1.71,"3,101",816
CJ4우(전환),"73,200",0.27,"3,094","2,183"
아세아,"141,000",0.28,"3,089","2,497"
풍산홀딩스,"29,600",-1.50,"3,081","7,874"
광동제약,"5,820",0.00,"3,051","121,757"
미래에셋 레버리지 원유선물혼합 ETN(H),"7,435",5.01,"3,048","37,153"
한국콜마홀딩스,"16,200",0.06,"3,009","18,770"
경방,"10,940",-0.27,"2,999","4,043"
대동,"12,500",-1.50,"2,992","459,141"
한솔제지,"12,530",-0.48,"2,982","54,564"
다올투자증권,"4,940",1.86,"2,980","843,062"
DB,"1,479",5.64,"2,975","9,075,754"
현대차증권,"9,380",0.11,"2,975","23,390"
남선알미늄,"2,300",-4.56,"2,969","2,375,748"
TCC스틸,"11,640",0.43,"2,960","210,131"
BYC,"473,000",4.42,"2,954",985
서연이화,"10,730",-4.20,"2,900","870,775"
모토닉,"8,750",0.34,"2,888","18,451"
제일약품,"19,580",-0.61,"2,879","12,367"
일성신약,"108,000",-1.82,"2,873","3,210"
유니퀘스트,"10,500",7.80,"2,872","488,319"
도화엔지니어링,"8,390",-1.29,"2,829","107,507"
방림,"6,660",2.30,"2,818","201,993"
광주신세계,"35,150",-3.17,"2,812","23,095"
조일알미늄,"2,215",-4.32,"2,805","6,120,116"
대상홀딩스,"7,710",0.00,"2,792","36,041"
KODEX 코스피,"25,045",-0.48,"2,780","9,114"
삼양패키징,"17,570",-1.84,"2,774","13,005"
코오롱,"21,900",-2.23,"2,765","31,228"
대한방직,"51,800",-0.19,"2,745","17,033"
신세계 I&C,"15,950",0.31,"2,743","106,281"
케이씨,"20,150",0.75,"2,731","19,264"
대성에너지,"9,900",-1.10,"2,723","140,565"
KBSTAR Fn수소경제테마,"9,760",-1.41,"2,718","23,523"
종근당홀딩스,"54,000",0.00,"2,705","3,489"
한국금융지주우,"45,800",-0.33,"2,683","2,067"
하나제약,"15,080",-0.13,"2,680","23,585"
삼부토건,"1,340",-4.29,"2,649","4,821,093"
동양,"1,108",-2.38,"2,645","431,125"
유진투자증권,"2,730",0.00,"2,644","56,657"
아주스틸,"9,990",-1.09,"2,643","35,163"
일진다이아,"18,530",-1.44,"2,632","15,256"
한전산업,"8,020",-0.99,"2,615","55,393"
SNT홀딩스,"15,850",-1.25,"2,584","4,357"
무림P&P,"4,140",-0.48,"2,582","81,944"
NPC,"7,030",0.29,"2,581","340,834"
대한제분,"152,300",-0.07,"2,574","3,640"
삼익THK,"12,230",-1.13,"2,568","28,396"
테이팩스,"54,300",-2.16,"2,562","26,139"
엘브이엠씨홀딩스,"2,575",2.39,"2,561","616,610"
알루코,"2,840",-1.39,"2,555","463,293"
스틱인베스트먼트,"6,120",-2.39,"2,551","160,903"
동화약품,"9,090",-0.87,"2,539","67,469"
자이에스앤디,"6,540",-2.39,"2,536","150,231"
AJ네트웍스,"5,370",-1.65,"2,514","444,275"
금호건설,"6,800",-1.45,"2,513","63,762"
대한제당,"2,800",-2.44,"2,512","147,853"
사조대림,"27,250",0.00,"2,497","8,815"
KBSTAR 코스피,"25,230",-0.49,"2,485","57,067"
HLB글로벌,"5,860",-3.14,"2,483","241,777"
대교,"2,925",-3.62,"2,478","102,775"
삼성출판사,"24,750",-0.40,"2,475","65,947"
KODEX K-메타버스액티브,"8,490",-1.22,"2,458","117,051"
이엔플러스,"4,210",1.20,"2,456","2,143,000"
금호석유우,"80,800",0.12,"2,443","9,500"
에스엠벡셀,"2,195",-0.90,"2,442","162,460"
KPX케미칼,"49,500",0.51,"2,396","1,282"
흥국화재,"3,725",0.95,"2,393","101,205"
TIGER 차이나CSI300,"9,995",-1.24,"2,389","100,065"
삼영무역,"12,930",-0.15,"2,388","6,223"
KODEX 은행,"6,640",-0.08,"2,370","205,026"
TIGER 리츠부동산인프라,"4,825",0.63,"2,362","488,386"
KBSTAR 미국나스닥100,"11,780",0.30,"2,356","47,383"
AK홀딩스,"17,770",-0.17,"2,354","10,997"
미원홀딩스,"101,400",0.40,"2,352","1,135"
하이트진로홀딩스,"10,130",-0.88,"2,351","15,140"
선진,"9,870",-0.60,"2,347","33,956"
디앤디플랫폼리츠,"3,630",1.97,"2,338","90,507"
교촌에프앤비,"9,280",-0.96,"2,318","15,248"
TIGER 코스피,"25,325",-0.47,"2,305","8,438"
대덕,"6,800",0.15,"2,305","43,148"
KPX홀딩스,"54,400",-1.63,"2,298",642
사조산업,"45,750",-2.45,"2,288","10,964"
한독,"16,550",-0.54,"2,278","19,501"
SOL 종합채권(AA-이상)액티브,"100,560",0.33,"2,271",146
성신양회,"9,200",-2.85,"2,255","138,291"
이월드,"1,586",-1.73,"2,249","193,969"
KODEX 반도체,"26,050",-0.57,"2,240","110,563"
KBSTAR ESG사회책임투자,"10,365",-0.96,"2,239","4,083"
동성케미컬,"4,505",-0.66,"2,239","40,385"
백광산업,"4,970",0.61,"2,232","258,877"
그린케미칼,"9,270",-0.64,"2,225","120,359"
신한서부티엔디리츠,"3,975",-0.25,"2,224","45,761"
아모레G3우(전환),"30,900",0.00,"2,191","4,172"
JW홀딩스,"3,100",-1.59,"2,184","64,469"
화승인더,"3,930",-0.25,"2,174","47,882"
삼성 인버스 2X WTI원유 선물 ETN,145,0.00,"2,171","5,830,378"
넥센,"4,045",-0.25,"2,166","10,381"
LS전선아시아,"7,020",-0.85,"2,150","103,827"
TRUE 인버스 2X 천연가스 선물 ETN(H),"1,450",-12.91,"2,146","1,720,792"
대창단조,"7,500",-2.34,"2,143","402,209"
SOL 200TR,"11,300",-0.31,"2,136",898
현대차3우B,"88,800",-0.45,"2,135","6,047"
현대코퍼레이션,"16,110",-1.29,"2,131","19,888"
경동인베스트,"89,800",2.86,"2,124","102,692"
경농,"10,810",-1.73,"2,110","23,397"
CJ제일제당 우,"157,600",-0.63,"2,092","3,040"
KSS해운,"9,060",-0.22,"2,092","30,114"
에이프로젠바이오로직스,356,-1.93,"2,085","2,799,065"
GS글로벌,"2,525",-1.75,"2,084","564,250"
백산,"8,890",0.45,"2,082","250,704"
대원강업,"3,350",-1.76,"2,077","82,581"
HDC랩스,"8,000",-0.74,"2,077","5,270"
TIGER KRX BBIG K-뉴딜,"6,975",-1.27,"2,075","191,814"
KBSTAR 미국S&P500,"11,440",0.57,"2,071","26,695"
포스코스틸리온,"34,500",-2.82,"2,070","33,285"
부국증권,"19,940",1.99,"2,068","3,696"
태림포장,"2,920",-2.01,"2,068","99,778"
S-Oil우,"50,800",0.20,"2,043","4,271"
두산우,"50,900",0.59,"2,034","3,377"
일진홀딩스,"4,120",-2.14,"2,033","198,003"
쎌마테라퓨틱스,"6,410",0.00,"2,032",-
TIGER Fn메타버스,"8,360",-2.11,"2,031","308,340"
ARIRANG 코스피TR,"12,770",-0.66,"2,030","9,339"
KODEX 국고채3년,"57,000",0.19,"2,026","5,364"
삼성전기우,"69,400",-1.00,"2,017","2,984"
KBSTAR 200TR,"17,005",-0.90,"2,015","17,811"
한신기계,"6,190",-2.21,"2,008","280,250"
ACE 단기통안채,"100,700",0.01,"1,985","1,267"
해태제과식품,"6,800",-0.58,"1,980","18,526"
제일파마홀딩스,"12,390",-0.96,"1,979","8,726"
진흥기업,"1,351",-3.43,"1,965","891,171"
한세예스24홀딩스,"4,900",-1.41,"1,960","22,848"
에이블씨엔씨,"7,240",-2.29,"1,957","50,015"
JW생명과학,"12,230",-1.21,"1,937","12,746"
LS네트웍스,"2,455",-2.19,"1,935","32,935"
제이에스코퍼레이션,"14,500",-0.14,"1,934","33,797"
KODEX 골드선물(H),"11,970",-0.29,"1,927","73,210"
대성산업,"4,245",2.29,"1,920","192,925"
서연,"8,140",-0.61,"1,911","398,688"
한솔테크닉스,"5,910",-1.50,"1,898","40,876"
삼영전자,"9,400",-1.47,"1,880","44,357"
TIGER 차이나과창판STAR50(합성),"7,470",0.13,"1,879","27,197"
예스코홀딩스,"31,300",0.16,"1,878","3,195"
경인양행,"4,500",-1.42,"1,873","44,377"
코람코더원리츠,"4,620",0.00,"1,866","32,970"
태경산업,"6,370",-0.93,"1,862","58,243"
만호제강,"44,800",0.90,"1,859","14,654"
KBSTAR 국고채3년선물인버스,"105,680",-0.04,"1,859",4
TIGER 중장기국채,"48,395",0.21,"1,858","2,472"
LG우,"61,400",-0.32,"1,855","4,622"
유수홀딩스,"7,110",-0.28,"1,852","38,651"
신세계푸드,"47,700",0.21,"1,847","5,532"
STX중공업,"6,460",-0.31,"1,845","198,163"
이지스밸류리츠,"5,000",-0.20,"1,837","68,087"
일진전기,"4,920",-1.50,"1,824","85,249"
아남전자,"2,365",-2.67,"1,824","1,868,998"
삼성제약,"2,710",-0.55,"1,820","89,859"
동아지질,"12,920",-4.08,"1,816","42,775"
현대리바트,"8,800",-1.46,"1,807","35,011"
DB금융투자,"4,225",-1.05,"1,793","17,387"
아시아나IDT,"16,140",0.31,"1,792","30,910"
진양홀딩스,"3,175",0.16,"1,775","12,556"
신라교역,"11,060",-0.27,"1,770","10,193"
동남합성,"49,000",-1.11,"1,769","1,459"
ARIRANG 고배당주,"12,150",-0.21,"1,768","28,937"
KTcs,"4,100",-4.32,"1,750","6,514,167"
세종공업,"6,280",-3.83,"1,747","169,835"
계룡건설,"19,500",-1.52,"1,742","16,226"
KBSTAR KIS국고채30년Enhanced,"71,625",1.45,"1,733","60,585"
대한화섬,"130,400",0.46,"1,732",367
우진,"8,520",-2.41,"1,732","208,312"
현대비앤지스틸,"11,460",-4.10,"1,728","102,118"
ACE 베트남VN30(합성),"16,355",-0.34,"1,717","482,390"
금강공업,"5,850",-2.34,"1,716","273,634"
TIGER 여행레저,"4,245",-0.70,"1,690","333,789"
HANARO MSCI Korea TR,"13,365",-0.48,"1,684",50
ACE 중국본토CSI300,"27,235",-0.86,"1,683","3,335"
NI스틸,"5,880",0.00,"1,682","203,326"
동성제약,"6,440",-0.31,"1,681","51,291"
KOSEF 단기자금,"101,860",0.01,"1,679","9,555"
휴비스,"4,845",-0.41,"1,672","20,486"
금호에이치티,852,-1.39,"1,671","855,989"
태영건설,"4,295",-2.16,"1,671","266,402"
NH투자증권우,"8,830",-0.34,"1,666","18,951"
동아타이어,"12,070",2.64,"1,658","66,151"
KB 블룸버그 인버스2X 천연가스선물 ETN(H),"66,155",-12.98,"1,654","3,266"
대영포장,"1,524",-0.72,"1,652","188,086"
KODEX 미국나스닥100레버리지(합성 H),"4,725",-0.42,"1,647","544,371"
경보제약,"6,880",-0.58,"1,645","61,746"
신한 블룸버그 -2X 천연가스 선물 ETN(H),"65,730",-13.30,"1,643","6,372"
효성ITX,"14,210",-1.93,"1,642","17,369"
동부건설,"7,150",-1.79,"1,636","85,541"
일동홀딩스,"14,170",-3.14,"1,635","93,678"
삼성물산우B,"100,300",-0.59,"1,632","2,984"
한국주철관,"7,140",-1.24,"1,628","26,474"
한농화성,"10,410",-2.71,"1,628","63,007"
수산중공업,"3,005",-1.48,"1,622","669,777"
용평리조트,"3,370",1.05,"1,622","28,327"
한국패러랠,"2,020",0.00,"1,616","51,634"
미래에셋 S&P -2X 천연가스 선물 ETN(H),"64,495",-15.78,"1,612",474
한컴라이프케어,"5,820",0.34,"1,611","134,860"
삼화페인트,"5,920",-0.17,"1,610","29,355"
KBSTAR iSelect메타버스,"7,450",-1.84,"1,608","36,311"
TIGER 글로벌4차산업혁신기술(합성 H),"15,070",-0.43,"1,603","13,130"
퍼스텍,"3,330",-1.77,"1,600","515,596"
신원,"1,559",-1.76,"1,599","470,100"
인스코비,"1,426",-1.04,"1,597","505,644"
디씨엠,"13,950",-1.06,"1,590","18,197"
벽산,"2,315",-1.91,"1,587","149,205"
노루페인트,"7,910",-2.35,"1,582","61,125"
무학,"5,550",-1.77,"1,582","63,696"
KODEX TRF3070,"11,020",0.23,"1,576","18,954"
HANARO 200TR,"39,295",-0.83,"1,572",52
현대약품,"4,910",-2.00,"1,571","236,487"
KBSTAR IT플러스,"16,460",-0.72,"1,567","3,009"
TIGER 글로벌메타버스액티브,"6,385",-0.08,"1,549","24,276"
삼성 레버리지 천연가스 선물 ETN B,"2,380",15.25,"1,547","7,705,720"
디와이,"5,800",-2.03,"1,527","83,292"
ACE 23-12 회사채(AA-이상)액티브,"102,600",0.03,"1,522","52,053"
KODEX 23-12 국고채액티브,"10,115",0.00,"1,521","8,179"
삼양통상,"50,700",0.20,"1,521",816
NH올원리츠,"3,600",0.28,"1,519","64,608"
STX,"5,300",6.00,"1,517","1,784,866"
컨버즈,"4,100",0.00,"1,509",-
신일전자,"2,120",0.00,"1,506","324,837"
디아이,"5,250",0.00,"1,486","44,204"
성창기업지주,"2,120",-3.42,"1,479","255,229"
KTis,"4,225",-2.31,"1,470","3,997,801"
태경비케이,"5,320",-1.12,"1,467","286,373"
세아특수강,"17,110",-2.45,"1,466","43,632"
한솔홀딩스,"3,490",0.58,"1,466","96,860"
태경케미컬,"12,610",-0.32,"1,463","71,087"
팜스코,"3,980",-1.00,"1,462","57,934"
KODEX 차이나항셍테크,"5,860",-1.35,"1,456","188,233"
SNT에너지,"19,330",-3.59,"1,451","51,104"
TIGER 200선물인버스2X,"3,065",2.00,"1,437","6,354,512"
디아이씨,"3,690",-3.40,"1,435","236,544"
KODEX 미국달러선물,"11,730",0.60,"1,433","120,550"
샘표,"49,700",-1.78,"1,429","9,420"
샘표식품,"31,200",-0.64,"1,425","7,962"
KODEX 장기종합채권(AA-이상)액티브KAP,"87,270",0.47,"1,423",125
미원화학,"64,200",0.00,"1,412",501
TIGER 미국MSCI리츠(합성 H),"12,625",-0.08,"1,408","62,626"
신흥,"14,800",-0.20,"1,406","4,544"
강남제비스코,"21,600",-1.14,"1,404","7,744"
경동도시가스,"23,800",0.42,"1,403","18,591"
한국수출포장,"34,950",-2.92,"1,398","34,991"
센트랄모텍,"16,190",-1.88,"1,394","99,047"
한국석유,"10,780",-1.10,"1,368","66,957"
한국화장품제조,"30,150",-1.47,"1,366","37,129"
TIGER 코스닥150,"11,490",-0.95,"1,360","47,440"
종근당바이오,"24,750",0.00,"1,358","7,233"
일성건설,"2,505",-2.91,"1,353","226,401"
광전자,"2,335",-0.85,"1,353","46,059"
한국공항,"42,700",0.83,"1,352","4,076"
노루홀딩스,"10,170",-0.29,"1,352","10,993"
KCTC,"4,500",-2.60,"1,350","115,116"
사조동아원,951,-1.65,"1,342","831,049"
두산퓨얼셀1우,"10,030",-0.59,"1,340","7,654"
TIGER 반도체,"27,175",-0.24,"1,337","43,359"
웅진,"1,672",-2.73,"1,336","1,045,459"
조흥,"222,000",-0.89,"1,332",55
디와이파워,"12,050",-2.98,"1,331","48,728"
TIGER 투자등급회사채액티브,"102,460",0.14,"1,322",163
HDC현대EP,"4,125",-0.36,"1,316","26,853"
한국화장품,"8,130",-1.57,"1,306","33,492"
TIGER 중국소비테마,"7,250",-0.62,"1,305","103,783"
한국특강,"2,150",-1.15,"1,303","46,704"
황금에스티,"7,600",-0.78,"1,292","188,951"
TIGER 헬스케어,"25,425",-0.86,"1,287","33,302"
TIGER 현대차그룹+펀더멘털,"22,525",-1.18,"1,284","21,738"
TRUE 코스피 양매도 5% OTM ETN,"8,550",-0.06,"1,283",3
조선선재,"101,300",-0.59,"1,274","4,489"
TIGER 23-12 국공채액티브,"202,515",0.07,"1,272",104
유화증권,"2,240",-1.10,"1,270","13,245"
극동유화,"3,605",-0.41,"1,257","106,876"
미창석유,"71,700",0.00,"1,247",260
CJ씨푸드,"3,465",-1.84,"1,245","261,823"
미래에셋 코스피 양매도 5% OTM ETN,"8,250",0.00,"1,238",-
유니온머티리얼,"2,940",0.68,"1,235","1,574,631"
동방,"2,570",-1.72,"1,233","322,016"
SK이노베이션우,"98,100",-0.91,"1,225","5,317"
동양철관,"1,025",-1.54,"1,219","553,039"
ARIRANG 국고채30년액티브,"95,285",0.94,"1,213",2
한국내화,"2,940",-2.00,"1,207","35,304"
KODEX 배당가치,"12,055",-0.70,"1,206",359
TRUE 블룸버그 인버스 2X 천연가스선물 ETN,"60,085",-12.41,"1,202","5,045"
대신증권2우B,"11,960",-0.08,"1,196","5,290"
KODEX 미국채울트라30년선물(H),"8,765",0.92,"1,183","436,113"
대창,"1,297",-1.97,"1,182","408,164"
삼익악기,"1,304",-0.91,"1,181","172,760"
한진중공업홀딩스,"3,970",0.00,"1,172","42,435"
인천도시가스,"26,750",-0.93,"1,170","3,860"
TIGER 미디어컨텐츠,"7,475",-2.16,"1,166","108,976"
KBSTAR 코스닥150,"11,120",-0.85,"1,161","1,820"
KBSTAR 국채선물5년추종인버스,"54,215",-0.17,"1,158",33
삼원강재,"2,895",0.70,"1,158","25,859"
세이브존I&C,"2,820",-1.57,"1,157","27,934"
TIGER 종합채권(AA-이상)액티브,"49,680",0.39,"1,156","30,005"
한양증권,"9,060",-0.66,"1,153","11,418"
인지컨트롤스,"7,200",-1.37,"1,138","63,899"
이지스레지던스리츠,"4,010",0.12,"1,137","5,928"
KODEX 미국나스닥100선물(H),"15,015",-0.13,"1,134","88,224"
CJ우,"50,100",0.00,"1,132",459
미래에셋글로벌리츠,"3,860",0.65,"1,122","16,250"
크라운제과,"8,860",0.11,"1,110","22,661"
기신정기,"3,755",-0.13,"1,096","34,458"
KTOP K200액티브,"9,870",-0.90,"1,096","74,215"
KH 필룩스,587,-5.32,"1,095","4,956,655"
삼일제약,"7,960",-1.73,"1,092","94,214"
SG세계물산,539,-2.71,"1,091","790,805"
한화솔루션우,"38,050",5.69,"1,090","93,058"
모나리자,"2,965",-2.79,"1,084","781,011"
깨끗한나라,"2,905",0.69,"1,082","1,144,818"
인바이오젠,765,-1.80,"1,078","364,072"
에이플러스에셋,"4,730",-0.73,"1,069","30,538"
대양금속,"3,205",-3.75,"1,069","416,018"
크라운해태홀딩스,"7,200",-0.69,"1,069","18,889"
대구백화점,"9,830",-3.25,"1,064","2,155"
화성산업,"10,470",-0.48,"1,063","11,630"
와이투솔루션,666,-2.49,"1,061","1,354,557"
키움 INDXX 미국테크탑10 ETN,"10,595",0.28,"1,060",2
KODEX 삼성그룹밸류,"8,865",-0.67,"1,055","5,664"
유유제약,"6,110",-0.49,"1,053","36,551"
HL D&I,"2,780",-0.89,"1,052","24,515"
고려산업,"4,220",-3.21,"1,052","1,657,597"
대유플러스,869,-2.25,"1,051","1,001,357"
KBSTAR 25-11 회사채(AA-이상)액티브,"52,625",0.07,"1,046","4,425"
삼화전기,"15,800",-0.82,"1,045","11,207"
토니모리,"4,340",-0.91,"1,044","70,044"
KODEX ESG종합채권(A-이상)액티브,"102,590",0.27,"1,040",1
가온전선,"16,330",-0.73,"1,038","15,789"
이구산업,"3,100",-2.97,"1,037","962,196"
마스턴프리미어리츠,"3,890",-0.13,"1,034","14,379"
KODEX 차이나CSI300,"12,415",-1.62,"1,030","132,518"
삼영화학,"3,030",-0.33,"1,030","305,962"
지투알,"6,180",-0.32,"1,024","30,728"
무림페이퍼,"2,460",-1.40,"1,024","144,597"
한신공영,"8,840",-3.70,"1,023","101,097"
히어로즈 단기채권ESG액티브,"101,140",0.00,"1,022",-
엔에이치스팩19호,"1,985",0.00,"1,018","102,217"
팜젠사이언스,"6,410",-1.84,"1,015","113,359"
보락,"1,693",-1.57,"1,014","442,438"
광명전기,"2,335",-2.71,"1,012","446,399"
신영와코루,"11,220",0.00,"1,010",659
현대코퍼레이션홀딩스,"11,050",-2.13,"1,006","8,523"
콤텍시스템,824,0.12,997,"2,615,930"
TRUE 레버리지 S&P500 선물 ETN(H),"19,835",-0.10,992,47
TIGER 미국채10년선물,"11,385",0.80,990,"41,259"
일신석재,"1,276",-1.47,988,"487,936"
남광토건,"10,030",-1.67,986,"26,705"
KODEX 미국S&P500선물(H),"19,070",0.00,982,"45,688"
대현,"2,215",-2.42,981,"224,019"
대원화성,"2,375",1.50,980,"244,428"
대동전자,"9,310",-3.32,977,"29,898"
세원이앤씨,452,-2.59,976,"4,534,257"
이아이디,840,-1.18,972,"317,295"
플레이그램,814,0.49,969,"386,473"
동일고무벨트,"6,930",0.00,963,"31,447"
조광페인트,"7,520",-3.34,963,"52,848"
사조씨푸드,"5,590",-0.89,963,"74,248"
인팩,"9,620",-0.10,962,"86,200"
써니전자,"2,760",-1.95,962,"1,146,420"
SH에너지화학,860,-0.46,956,"483,712"
국제약품,"4,690",-2.60,947,"118,476"
아모레G우,"14,650",-0.88,944,"3,999"
DSR,"5,900",-2.96,944,"53,387"
ACE 국고채10년,"86,410",0.42,944,"4,737"
지엠비코리아,"4,945",0.10,943,"27,384"
삼호개발,"3,755",-1.70,939,"15,553"
명문제약,"2,760",-0.54,937,"52,637"
새론오토모티브,"4,870",1.78,935,"1,498"
TRUE 레버리지 나스닥 100 ETN,"18,610",0.40,931,"2,612"
SK우,"163,700",-0.73,927,"1,540"
다스코,"4,750",-1.86,921,"262,919"
보해양조,662,-0.15,921,"253,279"
금비,"92,000",-2.65,920,"9,422"
두올,"2,780",-1.24,919,"142,375"
KODEX 차이나과창판STAR50(합성),"7,610",0.20,913,"5,079"
남성,"2,520",-2.70,913,"487,824"
솔루스첨단소재1우,"10,780",-4.52,911,"25,123"
하이스틸,"4,510",-4.65,911,"1,114,332"
제일연마,"9,100",0.55,910,"5,863"
DRB동일,"4,515",-1.63,900,"13,942"
유니온,"5,760",-0.69,899,"504,218"
삼성공조,"11,060",-5.06,899,"196,774"
혜인,"7,060",-2.62,898,"353,415"
텔코웨어,"9,250",-0.96,898,"12,628"
유니켐,"1,210",-0.82,897,"84,637"
한솔홈데코,"1,113",-2.11,897,"354,577"
동방아그로,"6,570",-0.15,895,"11,213"
KBSTAR Fn5G테크,"8,310",-0.72,893,"4,154"
상상인증권,820,0.12,888,"143,384"
신세계건설,"22,200",-3.06,888,"37,805"
KBSTAR 코스닥150선물레버리지,"8,790",-1.79,886,"7,043"
유니드비티플러스,"8,340",-2.34,885,"240,407"
ACE 24-12 회사채(AA-이상)액티브,"104,340",0.14,873,"1,868"
휴니드,"6,170",-2.37,871,"82,333"
조비,"16,710",-1.99,868,"14,518"
범양건영,"3,485",-0.99,865,"135,555"
태평양물산,"1,779",1.37,865,"576,076"
TIGER 미국다우존스30,"21,405",0.30,865,"10,644"
시디즈,"43,100",0.12,862,"13,604"
한국프랜지,"2,825",2.17,860,"109,243"
신풍제약우,"39,000",-1.27,858,"3,558"
KBSTAR 단기국공채액티브,"104,235",0.04,858,124
덕양산업,"2,625",-0.94,855,"14,598"
쌍방울,325,-1.22,853,"1,720,048"
KODEX 미국메타버스나스닥액티브,"6,480",0.08,852,"14,483"
DSR제강,"5,900",-2.32,850,"136,353"
ACE G2전기차&자율주행액티브,"9,015",0.56,847,"28,633"
한창제지,"1,417",-0.28,845,"96,146"
코스맥스비티아이,"8,800",0.00,845,"2,413"
화승코퍼레이션,"1,688",1.99,845,"142,316"
한일철강,"3,160",-1.56,844,"52,276"
천일고속,"58,800",-1.01,840,164
마니커,"1,322",-2.00,840,"236,077"
대유에이텍,726,-1.89,838,"179,951"
TIGER 200 건설,"2,815",-1.92,836,"136,028"
큐로,361,1.12,835,"388,786"
유엔젤,"6,300",-4.40,831,"3,925,048"
갤럭시아에스엠,"3,010",0.33,829,"2,037,447"
신송홀딩스,"7,010",-1.13,829,"214,775"
이건산업,"7,550",-1.69,827,"46,233"
메타랩스,"3,320",0.15,827,"131,617"
신한 인버스 2X WTI원유 선물 ETN(H),130,-3.70,823,"2,714,364"
영흥,810,0.62,821,"92,566"
비상교육,"6,310",0.00,820,"18,447"
카프로,"2,050",-3.30,820,"387,494"
KBSTAR 2차전지액티브,"10,610",0.28,819,"325,365"
국동,"1,435",1.27,817,"385,624"
KBSTAR 미국단기투자등급회사채액티브,"9,890",0.76,816,"1,266"
한세엠케이,"2,690",0.94,810,"3,947"
호전실업,"8,300",-0.84,809,"36,012"
인터지스,"2,720",-0.73,809,"122,540"
삼화왕관,"37,550",-2.59,809,"5,975"
NH프라임리츠,"4,330",2.97,808,"17,029"
한솔로지스틱스,"2,920",-1.85,802,"126,305"
대원전선,"1,114",-0.98,802,"261,653"
진양산업,"6,150",-0.97,800,"24,758"
TIGER 200선물레버리지,"11,415",-1.81,799,"470,930"
오리엔트바이오,673,-0.30,798,"179,382"
덕성,"5,080",-1.55,797,"99,506"
SK케미칼우,"37,600",-1.05,795,"8,131"
우진플라임,"3,955",-0.25,791,"44,307"
인디에프,"1,118",-2.87,791,"855,644"
KODEX 은선물(H),"4,200",-1.75,785,"182,670"
까뮤이앤씨,"1,732",-1.87,782,"296,632"
사조오양,"8,290",-2.24,781,"14,809"
부산산업,"73,600",-1.08,777,"3,199"
서울식품,207,-0.48,776,"1,161,295"
IHQ,330,1.23,773,"970,107"
ACE 미국WideMoat가치주,"18,840",0.59,772,"5,226"
전방,"45,300",-8.02,761,"20,090"
유성기업,"2,900",0.69,752,"22,789"
화천기공,"34,200",1.79,752,"11,152"
미래에셋맵스리츠,"3,740",0.67,752,"18,454"
ARIRANG 신흥국MSCI(합성 H),"8,975",-1.27,743,"37,906"
화승알앤에이,"3,910",-3.69,743,"88,073"
KOSEF 인도Nifty50(합성),"18,110",0.33,743,"22,358"
CS홀딩스,"64,300",0.00,742,"1,089"
영보화학,"3,700",-0.94,740,"87,605"
KODEX WTI원유선물(H),"13,840",2.63,737,"181,808"
KODEX 국고채30년액티브,"99,105",0.82,733,"62,155"
KBSTAR 고배당,"11,635",-0.60,733,"9,326"
삼일씨엔에스,"5,740",-0.52,731,"21,594"
우성,"23,650",-1.05,731,"4,388"
상신브레이크,"3,400",0.44,730,"25,623"
문배철강,"3,560",-2.20,730,"229,845"
두산2우B,"81,600",-0.85,729,133
TIGER KRX바이오K-뉴딜,"5,535",-0.81,728,"249,960"
대호에이엘,"1,393",-3.60,724,"389,771"
HANARO 200 TOP10,"8,040",-0.92,724,143
한국종합기술,"6,590",-0.60,722,"101,231"
대우부품,"1,513",-1.18,721,"42,846"
엔케이,898,-1.32,718,"110,521"
세원정공,"7,180",-1.78,718,"14,596"
KODEX 미국반도체MV,"10,865",2.02,712,"25,324"
웰바이오텍,"1,070",-1.56,711,"221,728"
KODEX Fn Top10동일가중,"7,650",-1.10,704,"47,325"
KODEX K-신재생에너지액티브,"11,625",0.48,703,"24,440"
TIGER 소프트웨어,"9,765",-1.71,703,"96,396"
아센디오,831,-4.15,703,"144,993"
세하,"1,220",-1.93,702,"68,101"
SJM,"4,500",5.88,702,"731,320"
TIGER Fn반도체TOP10,"7,550",-1.69,702,"206,925"
부국철강,"3,510",-1.27,702,"248,375"
삼성 인버스 2X 코스닥150 선물 ETN,"13,995",1.86,700,"848,608"
TIGER 경기방어,"8,880",-0.39,700,773
KODEX 차이나2차전지MSCI(합성),"8,325",-0.60,699,"32,851"
KODEX 미국종합채권SRI액티브(H),"95,860",0.28,698,404
국보,653,-2.10,693,"567,723"
티에이치엔,"3,850",-1.16,693,"113,088"
성보화학,"3,460",-0.43,693,"16,172"
KC그린홀딩스,"3,070",-0.16,689,"29,703"
티웨이홀딩스,627,0.00,686,"148,378"
핸즈코퍼레이션,"3,135",0.16,685,"10,011"
KODEX Fn성장,"13,360",-0.82,681,40
미래산업,"14,830",0.14,679,"88,826"
KBSTAR 중국본토대형주CSI100,"18,330",-1.00,678,"5,952"
TIGER 차이나CSI300레버리지(합성),"20,995",-1.66,676,"12,837"
ACE 미국고배당S&P,"10,720",0.52,675,"68,389"
동양피스톤,"5,120",-1.16,674,"33,363"
모나미,"3,560",-0.14,673,"98,180"
KODEX 한국대만IT프리미어,"17,240",-1.00,672,"7,040"
HANARO e커머스,"12,220",-1.01,672,"12,031"
코오롱인더우,"24,150",-1.23,668,"2,916"
평화산업,"1,217",-1.38,668,"148,756"
파워 200,"32,575",-0.91,668,37
한창,836,-1.18,664,"757,479"
하나 블룸버그 -2X 천연가스 선물 ETN(H),"66,000",-12.29,660,"1,080"
메리츠 블룸버그 -2X 천연가스 선물 ETN(H),"65,985",-12.93,660,180
TRUE S&P500 선물 ETN,"13,180",-0.34,659,2
우신시스템,"3,595",1.27,658,"92,012"
신한 WTI원유 선물 ETN(H),"6,580",2.49,658,"2,562"
SOL 미국배당다우존스,"9,665",0.21,657,"563,218"
TIGER 200 중공업,"3,030",-0.33,653,"301,522"
TIGER 화장품,"2,390",-0.83,652,"717,330"
화천기계,"2,955",-2.31,650,"246,187"
신한 레버리지 은 선물 ETN(H),"6,415",-3.10,642,"54,780"
화인베스틸,"2,150",-3.15,640,"66,930"
삼정펄프,"25,600",0.39,640,890
SG글로벌,"1,421",-2.54,639,"94,346"
TIGER 국채3년,"106,285",0.16,638,286
TIGER 미국S&P500레버리지(합성 H),"24,045",-0.19,635,"6,268"
신한 레버리지 코스닥 150 선물 ETN,"25,305",-1.98,633,3
계양전기,"2,310",-0.86,629,"89,566"
GS우,"35,100",0.57,626,"3,823"
대림B&Co,"3,755",-1.44,626,"16,047"
한익스프레스,"5,190",1.17,623,"11,090"
미래아이앤지,446,-1.76,622,"4,556,808"
서원,"1,308",-0.61,621,"134,507"
유한양행우,"52,500",2.54,620,"1,750"
KODEX 국채선물10년,"63,500",0.40,613,"16,569"
KC코트렐,"1,772",-0.62,613,"332,902"
KBSTAR 금융채액티브,"101,090",0.18,610,41
에이엔피,"1,496",0.27,607,"56,050"
일진디스플,"1,172",-0.17,604,"90,499"
케이비아이동국실업,602,-0.50,604,"31,620"
미래에셋 전기전자 Core5 ETN,"30,115",0.62,602,1
미래에셋증권우,"4,275",-0.58,602,"6,911"
페이퍼코리아,"1,265",-3.07,602,"121,600"
대신 S&P 인버스 2X 천연가스 선물 ETN,"60,000",-12.32,600,307
TRUE 나스닥 100 ETN,"11,965",-0.13,598,4
KBSTAR Fn컨택트대표,"8,385",-0.83,594,470
TIGER 차이나HSCEI,"9,275",-1.17,594,"32,198"
KODEX 차이나A50,"19,760",-0.40,593,"1,627"
대림통상,"3,880",-0.26,591,"4,091"
ARIRANG 미국S&P500(H),"16,875",0.06,591,"14,270"
KB Wise 분할매매 ETN,"9,810",0.15,589,1
TRUE 인버스 2X 나스닥 100 ETN,"1,950",1.04,585,"804,790"
남양유업우,"349,000",0.43,582,589
현대건설우,"55,000",0.55,580,"4,043"
태양금속,"1,570",-3.68,576,"236,814"
TIMEFOLIO Kstock액티브,"8,220",-0.72,575,"4,300"
성안,991,-0.60,575,"955,755"
TIGER KEDI혁신기업ESG30,"9,685",-0.82,571,"37,589"
KBSTAR 중기우량회사채,"103,990",0.09,570,964
TIGER 차이나바이오테크SOLACTIVE,"7,560",-1.95,569,"34,857"
DL우,"33,650",-1.17,567,"2,329"
롯데칠성우,"73,000",0.27,566,217
MH에탄올,"7,650",-2.55,564,"43,896"
TIGER 미국필라델피아반도체레버리지(합성),"9,135",2.30,564,"144,542"
TIGER 인버스,"5,350",0.85,562,"1,291,030"
KODEX 미국달러선물레버리지,"12,195",1.20,561,"153,085"
HANARO 글로벌럭셔리S&P(합성),"18,545",-0.30,558,"5,279"
KODEX 차이나H레버리지(H),"2,180",-3.33,558,"821,703"
부국증권우,"18,490",0.11,555,631
KODEX 건설,"2,980",-1.65,551,"69,845"
삼성 코스피 풋매도 ETN,"10,830",0.00,542,-
대신 인버스 천연가스 선물 ETN(H),"6,760",-6.57,541,"7,191"
한국전자홀딩스,"1,154",-0.86,540,"189,079"
선도전기,"3,000",0.00,540,-
키움 미국달러선물 ETN,"10,765",0.00,538,-
KODEX 코스피TR,"11,700",-0.47,538,922
삼성 블룸버그 인버스 2X WTI원유 선물 ETN,"21,270",-4.23,532,"25,901"
ACE KRX금현물,"10,945",0.23,525,"23,249"
원림,"22,800",-0.65,524,"2,695"
KODEX WTI원유선물인버스(H),"5,010",-2.43,524,"302,993"
KBSTAR 대형고배당10TR,"14,505",-0.99,522,292
TIGER 유로스탁스50(합성 H),"14,865",0.51,520,"3,954"
HANARO 32-10 국고채액티브,"51,940",0.50,519,480
DL이앤씨2우(전환),"24,500",-3.35,517,"3,433"
씨아이테크,"1,115",0.00,517,"433,861"
평화홀딩스,"3,520",-2.36,515,"47,460"
SJM홀딩스,"3,440",-2.27,514,"169,314"
우진아이엔에스,"6,680",-1.33,509,"12,516"
진양화학,"3,210",-1.83,507,"20,920"
미래에셋 레버리지 코스닥150 선물 ETN,"25,345",-1.23,507,"31,936"
TIGER 미국S&P500배당귀족,"10,200",0.25,505,"26,033"
코오롱모빌리티그룹우,"20,400",-4.67,501,"137,513"
ARIRANG ESG가치주액티브,"7,720",-0.71,498,134
KB 인버스 천연가스 선물 ETN,"11,030",-6.25,496,"16,836"
KR모터스,516,0.78,496,"100,335"
키움 코스피 200 ETN,"9,910",0.00,496,-
TIGER 코스닥150 레버리지,"8,915",-1.60,490,"79,268"
KODEX 미국S&P500배당귀족커버드콜(합성 H),"9,325",0.00,485,"3,478"
TIGER 글로벌BBIG액티브,"9,760",0.10,483,"1,087"
에쓰씨엔지니어링,"1,546",-1.59,483,"148,101"
미래에셋 인버스 2X 원유선물혼합 ETN(H),"19,320",-4.33,483,"2,098"
미래에셋 레버리지 코스피200 선물 ETN,"23,915",-1.89,478,"39,961"
영화금속,891,-1.00,476,"116,418"
KODEX 차이나H,"16,260",-1.54,472,"12,611"
주연테크,795,-3.75,471,"399,510"
TIGER 글로벌클라우드컴퓨팅INDXX,"8,325",-0.72,470,"3,059"
KOSEF 통안채1년,"101,890",0.06,469,1
QV 코스닥 150 ETN,"11,710",-0.04,468,3
KODEX 유럽탄소배출권선물ICE(H),"14,640",0.07,467,"20,737"
동일제강,"2,300",-3.36,467,"182,172"
동원금속,997,-0.40,466,"232,520"
DL이앤씨우,"22,050",-1.56,466,"11,938"
KODEX 200미국채혼합,"11,885",0.17,466,"21,383"
초록뱀헬스케어,550,-0.90,466,"182,705"
이화산업,"16,610",-1.01,465,"1,027"
에넥스,775,-3.61,465,"432,593"
호텔신라우,"61,500",-0.81,462,943
다이나믹디자인,"3,300",-2.65,460,"668,229"
에셋플러스 글로벌플랫폼액티브,"6,105",-0.16,458,"30,667"
ACE 단기채권알파액티브,"101,735",0.03,456,102
바다로19호,"2,985",0.00,454,"24,247"
센트럴인사이트,"2,490",0.00,452,-
윌비스,667,-2.06,448,"192,690"
KODEX 아시아달러채권SRI플러스액티브,"49,285",0.15,447,10
진양폴리,"4,465",-2.08,447,"22,112"
SHD,"36,700",0.14,446,"9,146"
QV 레버리지 S&P500 ETN,"22,250",-0.27,445,"1,002"
KODEX 철강,"8,810",-2.38,438,"139,998"
HANARO Fn K-뉴딜디지털플러스,"8,635",-0.75,436,729
TIGER KRX인터넷K-뉴딜,"4,765",-2.06,434,"104,632"
형지엘리트,"1,388",-0.86,432,"40,698"
참엔지니어링,730,-1.22,430,"80,458"
WISCOM,"2,785",0.00,427,"8,338"
TRUE 블룸버그 인버스 2X WTI원유 선물 ETN,"21,300",-4.44,426,"8,303"
동원수산,"9,100",-1.73,423,"27,314"
케이탑리츠,880,-0.11,423,"53,765"
세우글로벌,"1,470",-1.14,422,"189,084"
KODEX 미국달러선물인버스2X,"7,005",-0.99,422,"272,224"
SOL KIS단기통안채,"102,750",0.08,421,3
유화증권우,"2,405",0.00,420,-
SUN&L,"3,325",3.74,419,"1,972"
ACE 인도네시아MSCI(합성),"10,450",-0.05,418,"5,969"
TIGER 퓨처모빌리티액티브,"9,680",-0.82,416,"9,698"
SOL 미국S&P500,"10,900",0.60,414,"22,579"
삼성 미국 대형 성장주 ETN,"20,575",0.19,412,"1,597"
TRUE 코스피 200 ETN,"8,210",0.74,411,2
TIGER 레버리지,"14,550",-1.59,407,"40,060"
동양고속,"14,070",-0.42,407,852
삼성 코스피 200 ETN,"8,145",-1.03,407,"25,143"
KODEX 증권,"6,445",0.23,406,"30,242"
한국주강,"3,580",2.29,405,"75,941"
신풍,"1,154",0.00,403,"55,859"
세기상사,"7,590",-0.52,402,"5,963"
미래에셋 원자재 선물 ETN(H),"13,390",-0.07,402,171
TIGER 미국나스닥바이오,"19,840",-0.30,401,"3,659"
부산주공,543,-1.81,396,"458,453"
SK디스커버리우,"29,100",-2.35,395,"2,023"
키움 코스닥 150 ETN,"9,875",0.00,395,-
비비안,"1,323",-1.34,394,"84,785"
대교우B,"2,020",0.00,392,"22,243"
삼성 미국 대형 가치주 ETN,"19,555",0.00,391,-
TRUE 레버리지 천연가스 선물 ETN(H),"1,115",13.78,390,"3,906,014"
삼성 코스닥 150 ETN,"7,780",-0.58,389,"129,310"
TRUE 코스피 양매도 3% OTM ETN,"7,720",0.00,386,-
KBSTAR 국채선물10년,"50,475",0.22,386,"1,015"
경인전자,"24,400",-0.20,383,"2,853"
두산퓨얼셀2우B,"12,820",0.00,383,"2,266"
KODEX 바이오,"7,575",-1.62,382,"204,772"
TIGER 테슬라채권혼합Fn,"10,445",0.00,381,"89,422"
TRUE 블룸버그 레버리지 천연가스 선물 ETN,"1,905",14.07,381,"867,813"
KBSTAR 게임테마,"11,510",-1.29,380,"3,099"
TBH글로벌,"1,790",-1.16,373,"40,679"
이스타코,871,0.35,373,"112,111"
KODEX 차이나심천ChiNext(합성),"10,835",-1.05,373,"26,450"
태원물산,"4,865",-0.21,370,"22,305"
TIGER 차이나클린에너지SOLACTIVE,"8,770",-1.07,368,"8,198"
ACE 삼성그룹섹터가중,"15,180",-0.56,364,"28,193"
삼성 미국 대형 성장주 ETN(H),"18,195",0.00,364,-
한성기업,"5,810",-0.68,361,"26,685"
진도,"2,895",3.58,360,"83,381"
삼성 레버리지 China A50 선물 ETN(H),"35,830",-3.28,358,241
신한 구리 선물 ETN(H),"17,885",-1.89,358,"2,076"
KODEX 200ESG,"11,910",-0.83,357,599
KB 레버리지 S&P 500 선물 ETN(H),"8,925",-0.06,357,53
KOSEF 국고채3년,"108,060",0.23,357,"1,020"
KODEX 미국배당프리미엄액티브,"9,900",0.46,356,"213,094"
SOL 200 Top10,"8,210",-0.55,353,23
TIGER 미국S&P500TR(H),"9,880",-0.05,351,"30,542"
신한 인버스 2X 코스닥 150 선물 ETN,"13,975",1.34,349,"9,427"
신한 레버리지 금 선물 ETN,"17,405",0.49,348,68
BYC우,"161,000",2.55,347,139
삼성 미국 대형 가치주 ETN(H),"17,320",0.00,346,13
미래에셋 KRX금현물 Auto-KO-C 2312-01 ETN,"11,545",0.22,346,112
하나 레버리지 콩 선물 ETN(H),"34,580",0.00,346,-
삼화전자,"2,855",-1.72,346,"24,785"
삼성 인버스 2X 나스닥 100 ETN(H),"6,910",0.22,346,"182,019"
세방우,"9,300",0.54,343,"18,168"
대신 인버스 2X 알루미늄 선물 ETN(H),"34,050",1.26,341,33
KOSEF 미국달러선물,"13,925",0.40,340,"3,194"
신한 레버리지 S&P500 선물 ETN,"16,880",0.36,338,261
성문전자,"1,728",-0.52,337,"28,629"
한솔PNS,"1,641",0.18,336,"59,099"
대한항공우,"30,100",0.17,334,"2,061"
KODEX IT,"16,705",-0.60,334,"1,186"
유안타증권우,"2,585",-0.77,334,"8,862"
롯데지주우,"41,150",-0.48,332,513
TIGER 리츠부동산인프라채권TR KIS,"4,970",0.91,331,"2,152"
QV 블룸버그 -2X 천연가스 선물 ETN(H),"65,795",-12.99,329,808
KODEX K-미래차액티브,"9,135",-0.92,329,"12,306"
QV S&P500 버퍼10% 9월 ETN,"10,900",0.00,327,-
KOSEF 릭소글로벌퓨처모빌리티MSCI,"9,595",0.47,326,923
QV 코스피 200 ETN,"32,530",-0.88,325,4
TIGER 미국나스닥100커버드콜(합성),"9,530",0.58,324,"95,787"
미래에셋 중국 심천 100 ETN,"16,190",0.00,324,-
미래에셋 인버스 2X 코스피200 선물 ETN,"16,050",1.78,321,"165,314"
삼성 레버리지 은 선물 ETN(H),"10,655",-3.09,320,"19,042"
삼성 China A50 선물 ETN(H),"15,940",-0.93,319,1
제이준코스메틱,"8,200",-4.21,316,"44,672"
삼성 레버리지 나스닥 100 ETN(H),"7,890",0.13,316,"56,235"
SOL 미국S&P500ESG,"10,170",0.64,315,"1,649"
삼성 블룸버그 레버리지 WTI원유 선물 ETN,"12,510",5.84,313,"51,747"
TIGER 원유선물Enhanced(H),"4,185",2.45,312,"98,139"
신한 레버리지 다우존스지수 선물 ETN(H),"31,145",-0.13,311,684
HANARO Fn전기&수소차,"8,385",-0.95,310,"6,330"
KODEX 200IT TR,"11,410",-1.17,308,661
KBSTAR 200선물인버스2X,"2,895",1.58,307,"133,610"
TIGER 미국달러선물인버스2X,"6,970",-1.13,307,"4,166"
대신343 K200,"32,265",-0.77,307,10
HANARO 200선물레버리지,"16,520",-1.81,306,117
체시스,955,-1.75,306,"230,235"
TIGER 미국나스닥100TR(H),"10,185",-0.24,306,"29,075"
TIGER 탄소효율그린뉴딜,"7,940",-1.00,302,"3,092"
TIGER 미국나스닥100레버리지(합성),"7,955",0.57,298,"108,311"
KODEX 미국달러선물인버스,"8,740",-0.51,298,"21,948"
KBSTAR 중장기국공채액티브,"100,000",0.38,298,108
한화투자증권우,"6,200",-1.12,298,"8,529"
TIGER AI코리아그로스액티브,"11,435",-0.65,297,"1,296"
미래에셋 레버리지 옥수수 선물 ETN,"29,590",-3.93,296,34
메리츠 3X 레버리지 국채30년 ETN,"49,215",3.07,295,"26,255"
TIGER S&P글로벌헬스케어(합성),"19,410",0.34,295,"8,165"
KBSTAR 내수주플러스,"8,090",-0.68,291,356
KODEX 미디어&엔터테인먼트,"13,845",-1.88,291,"24,629"
KODEX 헬스케어,"11,165",-0.80,290,"25,063"
미래에셋 에너지화학 Core5 ETN,"14,445",0.00,289,-
TIGER 골드선물(H),"12,815",-0.39,288,"6,825"
ACE 미국친환경그린테마INDXX,"10,265",-0.19,287,860
TIGER 삼성그룹펀더멘털,"10,875",-0.87,287,"1,971"
신한 콩 선물 ETN(H),"14,310",0.00,286,-
삼성 레버리지 금 선물 ETN(H),"28,565",-0.66,286,"20,653"
KODEX KRX300,"14,955",-1.09,284,"4,853"
KB 레버리지 나스닥 100 ETN,"9,430",0.37,283,"20,580"
ARIRANG 미국장기우량회사채,"85,690",0.25,283,"1,059"
ACE 200TR,"20,150",-0.93,282,787
KODEX KRX기후변화솔루션,"10,060",-0.64,282,7
ACE 글로벌반도체TOP4 Plus SOLACTIVE,"11,430",2.37,280,"66,572"
미래에셋 인버스 2X 코스닥150 선물 ETN,"13,985",1.82,280,"745,849"
TIGER 200IT레버리지,"36,040",-2.22,279,"3,286"
하나 레버리지 옥수수 선물 ETN(H),"27,860",0.00,279,-
KODEX 고배당,"9,585",-0.57,278,"2,609"
녹십자홀딩스2우,"32,850",-0.45,278,587
KODEX K-로봇액티브,"11,785",-1.05,277,"109,084"
KODEX 아시아반도체공급망exChina액티브,"10,250",0.54,277,"354,292"
ACE 국고채3년,"102,345",0.06,276,10
신한 레버리지 미국달러 선물 ETN,"13,730",0.99,275,440
신한 금 선물 ETN(H),"13,670",-0.29,273,"2,052"
KBSTAR 국채선물3년,"51,175",0.30,272,4
TRUE 인버스 2X 베트남 VN30 선물 ETN(H),"27,160",0.80,272,"33,631"
KODEX 미국S&P500에너지(합성),"12,920",1.81,269,"10,495"
ARIRANG 미국나스닥테크,"20,700",1.74,269,"2,142"
미래에셋 원유선물혼합 ETN(H),"26,760",1.90,268,13
SOL 국고채10년,"102,810",0.43,267,"1,930"
모두투어리츠,"3,405",0.15,267,"4,786"
삼성 KRX 금현물 ETN,"13,315",-0.34,266,"1,921"
금호전기,963,-4.18,265,"258,119"
TIGER Fn신재생에너지,"9,415",0.27,264,"15,019"
TIGER 200TR,"17,570",-0.93,264,532
HANARO 코스닥150,"11,190",-0.84,262,"3,765"
TIGER KRX기후변화솔루션,"10,070",-0.35,262,"3,305"
SOL 글로벌탄소배출권선물IHS(합성),"13,005",0.66,260,"9,895"
TIGER 국고채30년스트립액티브,"47,645",1.61,259,"241,926"
KBSTAR 국채선물10년인버스,"53,625",-0.46,258,39
TIGER MKF배당귀족,"11,175",-0.45,257,"6,476"
KODEX 탄소효율그린뉴딜,"8,005",-0.93,256,756
대신 레버리지 코스닥 150 선물 ETN,"25,610",-0.21,256,2
TIGER 200 헬스케어,"15,770",-0.06,255,"15,986"
신한 브렌트원유 선물 ETN(H),"12,755",2.33,255,6
QV 인버스 미국 IT TOP5 ETN(H),"12,735",0.99,255,70
TRUE 레버리지 코스닥 150 선물 ETN,"25,260",-2.38,253,"15,952"
하나 레버리지 코스닥150 선물 ETN,"25,255",-1.75,253,"11,910"
삼성 레버리지 코스닥150 선물 ETN,"25,240",-1.89,252,"262,585"
KODEX S&P글로벌인프라(합성),"14,045",0.61,252,"14,025"
메리츠 미국채10년 ETN(H),"8,380",0.48,251,"5,960"
신한 S&P500 VIX S/T 선물 ETN C,"5,010",-1.57,251,"65,234"
TIGER 차이나CSI300인버스(합성),"8,080",1.51,250,"1,766"
TRUE 블룸버그 레버리지 WTI원유 선물 ETN,"12,500",5.57,250,"26,499"
메리츠 레버리지 대표 농산물 선물 ETN(H),"24,980",-1.79,250,32
TIGER 농산물선물Enhanced(H),"7,795",-0.06,249,"11,637"
ACE 친환경자동차밸류체인액티브,"9,960",0.20,249,"4,565"
TIGER 구리실물,"10,580",-0.52,249,"10,433"
ARIRANG 미국단기우량회사채,"106,315",-0.41,245,31
KB 천연가스 선물 ETN(H),"8,125",6.49,244,"197,967"
KODEX 미국러셀2000(H),"12,150",0.29,243,308
신한 레버리지 코스피 200 선물 ETN,"24,195",0.73,242,2
삼성 레버리지 코스피200 선물 ETN,"23,960",-1.80,240,"53,764"
솔루스첨단소재2우B,"12,650",-2.17,239,"4,915"
ACE ESG액티브,"7,240",-0.89,239,413
하이트론,"2,470",0.00,237,-
미래에셋 인버스 코스피200 선물 ETN,"11,810",0.94,236,69
신한 인버스 코스피 200 선물 ETN,"11,810",1.03,236,11
KBSTAR 국고채3년,"108,435",0.12,235,"1,898"
KODEX 코스피대형주,"11,755",-0.68,235,372
TIGER 인도니프티50레버리지(합성),"23,465",0.62,235,"1,758"
TIGER 원유선물인버스(H),"3,430",-2.28,233,"261,072"
신한 옥수수 선물 ETN(H),"11,640",-2.31,233,78
HANARO 단기채권액티브,"102,330",0.01,232,"295,690"
KBSTAR 비메모리반도체액티브,"7,920",-0.88,231,"73,838"
신한 은 선물 ETN(H),"11,520",-1.58,230,157
TIGER KRX게임K-뉴딜,"6,370",-2.60,226,"113,916"
미래에셋 인버스 2X 은 선물 ETN,"22,510",2.50,225,105
TRUE 인버스 2X 은 선물 ETN,"22,420",3.60,224,781
KODEX 에너지화학,"15,950",-0.65,223,"5,851"
대덕전자1우,"10,630",-0.75,223,"3,887"
하나 Solactive 2X US Tech Top 10 ETN(H),"22,230",0.00,222,-
KODEX 미국채10년선물,"11,090",0.68,222,"11,917"
미래에셋 인버스 코스닥150 선물 ETN,"11,090",1.28,222,48
코리아써우,"7,470",-3.74,221,"71,413"
ARIRANG K방산Fn,"10,275",0.39,221,"68,379"
신한 인버스 코스닥 150 선물 ETN,"11,040",0.55,221,56
메리츠 레버리지 인플레이션 국채 ETN,"10,985",0.00,220,-
코아스,710,-0.28,219,"55,016"
KODEX TRF5050,"12,150",0.12,219,122
WOORI 대한민국국고채액티브,"50,495",0.42,217,100
삼성 코스피 풋매도 4% OTM ETN,"10,855",0.00,217,-
대상우,"15,800",-0.13,216,"2,072"
메리츠 레버리지 국채30년 ETN,"5,400",2.27,216,"39,387"
TIGER 글로벌멀티에셋TIF액티브,"9,585",0.89,216,"6,202"
TRUE 인버스 2X 금 선물 ETN,"21,535",0.00,215,-
TRUE 레버리지 금 선물 ETN,"21,465",0.00,215,-
메리츠 인플레이션 국채 ETN,"10,715",0.56,214,5
HANARO Fn K-POP&미디어,"8,905",-1.55,214,"7,049"
하나 Solactive US Tech Top 10 ETN(H),"10,655",0.00,213,-
KB S&P 인버스 2X WTI원유 선물 ETN,"21,275",-4.49,213,"16,145"
신한 블룸버그 인버스 2X WTI원유 선물 ETN,"21,255",-4.45,213,"149,293"
KODEX TRF7030,"13,275",0.72,212,"1,751"
QV 블룸버그 -2X WTI원유선물 ETN,"21,210",-3.98,212,197
하나 S&P 인버스 2X WTI원유 선물 ETN,"21,170",-4.10,212,"2,710"
코오롱글로벌우,"28,500",-1.38,211,"12,733"
TIGER 차이나반도체FACTSET,"6,590",-0.53,211,"1,978"
신한 인버스 2X 다우존스지수 선물 ETN(H),"2,105",0.00,211,"94,564"
메리츠 인버스 천연가스 선물 ETN(H),"21,015",-6.52,210,"34,928"
KODEX 배당성장채권혼합,"11,660",-0.26,210,736
미래에셋 인버스 천연가스 선물 ETN(H),"20,960",-6.64,210,312
KODEX K-친환경선박액티브,"10,480",-1.04,210,"4,370"
신한 블룸버그 2X 천연가스 선물 ETN(H),"2,090",13.28,209,"1,315,858"
ARIRANG 코스피50,"22,280",-0.91,207,487
TIGER 일본엔선물,"9,380",0.43,206,"40,740"
KBSTAR 글로벌4차산업IT(합성 H),"17,790",0.65,205,348
미래에셋 미디어엔터 Core5 ETN,"10,225",0.00,205,-
삼성중공우,"177,800",0.51,204,868
대신 레버리지 KRX 금현물 ETN,"20,395",0.00,204,-
키움 인버스 미국달러선물 ETN,"10,190",0.00,204,-
TRUE 인버스 2X 구리 선물 ETN,"20,345",4.12,203,"1,826"
KODEX 삼성전자채권혼합Wise,"10,115",-0.34,202,"18,632"
신한 다우존스지수 선물 ETN(H),"20,210",-0.07,202,27
TIGER 코스피고배당,"14,015",-0.43,202,"1,118"
메리츠 블룸버그 인버스 2X WTI선물 ETN(H),"20,170",-4.90,202,"10,436"
KBSTAR 미국S&P원유생산기업(합성 H),"6,040",1.68,199,"40,983"
메리츠 인버스 2X 은 선물 ETN(H),"19,880",2.98,199,706
메리츠 인버스 국채3년 ETN,"9,935",-0.10,199,10
QV 인버스 레버리지 은 선물 ETN(H),"19,810",3.02,198,1
NPC우,"3,700",1.93,195,"91,807"
메리츠 인버스 2X 금 선물 ETN(H),"19,515",0.15,195,200
대신 밀 선물 ETN(H),"9,750",0.10,195,938
신한 K200 USD 선물 바이셀 ETN,"9,660",0.00,193,10
QV iSelect 글로벌 EMP ETN(H),"9,655",-0.21,193,1
신한 레버리지 구리 선물 ETN,"19,225",-3.66,192,271
비케이탑스,904,0.00,192,-
KBSTAR 200선물레버리지,"13,710",-1.76,192,"33,219"
신한 FnGuide 치킨 ETN,"9,570",-1.34,191,"21,172"
QV 레버리지 금 선물 ETN(H),"18,950",0.00,190,-
QV 인버스 레버리지 금 선물 ETN(H),"18,940",0.00,189,-
메리츠 국채10년 ETN,"9,470",0.00,189,-
넥센타이어1우B,"2,885",-0.52,188,924
TIGER 우량가치,"11,345",-0.48,187,"9,458"
메리츠 레버리지 금 선물 ETN(H),"18,685",-0.61,187,57
ACE 러시아MSCI(합성),"10,070",0.00,186,-
삼성 인버스 2X 항셍테크 ETN(H),"9,280",3.80,186,"95,273"
ACE 아시아TOP50S&P,"12,335",-1.40,185,"1,133"
하이트진로2우B,"16,300",-0.91,184,573
TIGER 코스닥150선물인버스,"4,900",0.72,184,"153,286"
메리츠 인버스 2X 구리 선물 ETN(H),"18,345",3.70,183,497
LX하우시스우,"17,700",-2.48,183,"1,591"
하나 인버스 2X 구리 선물 ETN(H),"18,200",4.75,182,3
코오롱우,"16,840",-0.65,181,"2,139"
TRUE 레버리지 플래티넘 선물 ETN,"18,120",-0.85,181,478
TRUE 인버스 2X 플래티넘 선물 ETN,"18,075",1.75,181,79
QV 인버스 레버리지 WTI원유 선물 ETN(H),120,-4.00,180,"358,229"
TIGER 미국나스닥100TR채권혼합Fn,"10,270",0.29,180,"6,282"
미래에셋 Q150 Core5 ETN,"8,975",0.00,180,-
메리츠 미국 인플레이션 국채 ETN(H),"8,845",0.00,177,-
QV 인버스 레버리지 구리 선물 ETN(H),"17,525",0.00,175,-
KODEX 글로벌4차산업로보틱스(합성),"15,910",-0.87,174,"1,644"
KODEX 배당성장,"13,390",-0.81,174,"1,012"
KODEX 코스피100,"24,835",-0.90,174,"4,438"
KODEX 게임산업,"8,655",-1.93,173,"23,388"
TRUE 레버리지 구리 선물 ETN,"17,305",-4.50,173,6
KBSTAR 200선물인버스,"6,155",1.15,172,"2,684"
KODEX 보험,"7,770",1.44,171,"65,248"
일정실업,"14,230",-0.77,171,"1,448"
한진칼우,"31,750",-0.63,170,"18,157"
대신 철광석 선물 ETN(H) B,"17,035",-1.93,170,26
유유제약1우,"7,510",0.13,170,"2,318"
티와이홀딩스우,"13,560",-0.59,170,"26,354"
KB 레버리지 항셍테크 선물 ETN(H) B,"17,000",-6.13,170,213
삼양홀딩스우,"55,500",0.00,169,299
KODEX 필수소비재,"7,615",-0.33,168,279
대한제당우,"2,560",-1.35,166,"82,820"
미래에셋 코스피200 선물 ETN,"8,260",-0.96,165,"48,538"
ARIRANG 미국다우존스고배당주(합성 H),"16,015",-0.50,165,"1,310"
KB 인버스 2X 나스닥 100 ETN,"8,240",0.86,165,"12,408"
TIGER 유로스탁스배당30,"11,755",0.30,165,560
미래에셋 코스닥150 선물 ETN,"8,225",1.29,165,2
KODEX 200롱코스닥150숏선물,"10,265",-0.05,164,"2,114"
신한 코스피 200 ETN,"8,175",0.37,164,3
QV 레버리지 구리 선물 ETN(H),"16,300",0.00,163,-
하나 레버리지 구리 선물 ETN(H),"16,285",0.00,163,-
LX홀딩스1우,"11,110",-0.63,163,"1,048"
미래에셋 S&P 유럽탄소배출권 선물 ETN,"16,120",1.83,161,"5,132"
KODEX 미국나스닥100(H),"10,070",0.00,161,"69,786"
한화우,"33,600",-1.75,161,727
삼성 인버스 2X 코스피200 선물 ETN,"16,075",2.03,161,"121,640"
에이리츠,"3,600",1.27,161,"1,554"
ARIRANG ESG성장주액티브,"7,465",-0.80,160,27
신한 인버스 2X 코스피 200 선물 ETN,"16,040",1.74,160,"7,194"
TIGER KRX2차전지K-뉴딜레버리지,"7,125",0.35,160,"105,185"
메리츠 S&P 유럽탄소배출권 선물 ETN,"15,960",1.08,160,3
KOSEF 미국달러선물레버리지,"11,645",1.04,160,"12,715"
에셋플러스 코리아플랫폼액티브,"6,625",0.08,159,"3,489"
메리츠 인버스 2X 국채30년 ETN,"15,855",-3.56,159,571
ACE 코스닥150,"11,270",-0.75,158,452
마이티 다이나믹퀀트액티브,"10,945",-0.82,158,25
삼성 레버리지 구리 선물 ETN(H),"15,750",-3.96,158,"5,407"
메리츠 S&P 유럽탄소배출권 선물 ETN(H),"15,700",0.22,157,4
KODEX 미국S&P500(H),"9,805",-0.10,157,"22,668"
TRUE S&P 유럽탄소배출권 선물 ETN(H),"15,680",0.93,157,"5,000"
HANARO Fn K-게임,"5,220",-1.51,157,"5,132"
메리츠 레버리지 구리 선물 ETN(H),"15,640",-4.23,156,107
신한 코스닥 150 ETN,"7,790",-0.32,156,2
KODEX MSCI KOREA ESG유니버설,"9,695",-0.97,155,173
신한 인버스 WTI원유 선물 ETN(H),"3,095",-2.37,155,"3,867"
TRUE FTSE100 ETN,"15,465",0.03,155,36
KODEX 200가치저변동,"9,625",-0.72,154,"1,075"
TIGER 200 에너지화학,"15,560",-1.08,152,"19,891"
삼성 인버스 2X 은 선물 ETN(H),"1,520",3.40,152,"74,105"
메리츠 인버스 2X KRX300 선물 ETN,"15,165",1.88,152,32
TIGER MSCI KOREA ESG리더스,"8,695",-0.51,151,"6,600"
TIGER K게임,"9,760",-0.56,151,"4,784"
신한 FnGuide 폐기물처리 ETN,"7,555",-1.18,151,67
TIMEFOLIO 이노베이션액티브,"7,945",-0.63,151,520
KODEX 다우존스미국리츠(H),"12,065",0.04,151,"10,911"
메리츠 미국레버리지 인플레이션국채ETN(H),"7,510",0.67,150,4
FOCUS KRX300,"14,995",-1.38,150,1
TIGER 차이나항셍테크레버리지(합성 H),"8,045",-3.42,150,"360,063"
KODEX 기계장비,"5,735",0.17,149,"7,178"
미래에셋 인버스 미디어엔터 Core5 ETN,"14,575",0.00,146,-
TIGER 단기선진하이일드(합성 H),"12,050",0.46,145,280
KODEX Fn시스템반도체,"7,605",-1.49,144,"34,288"
미래에셋 레버리지 은 선물 ETN,"14,415",0.00,144,-
TIGER 배당성장,"16,530",-0.72,144,"1,020"
KOSEF 미국달러선물인버스2X,"6,155",-0.97,143,"1,807"
ACE 미국다우존스리츠(합성 H),"79,300",0.20,143,15
KBSTAR 차이나HSCEI(H),"7,925",-1.67,143,"22,870"
TIGER 글로벌자원생산기업(합성 H),"15,835",-0.22,143,340
KBSTAR 글로벌클린에너지S&P,"9,495",0.48,142,"16,340"
메리츠 인버스 2X 미국채10년 ETN(H),"14,190",-0.91,142,2
KODEX 3대농산물선물(H),"12,690",-1.01,141,"2,617"
TRUE 레버리지 은 선물 ETN,"14,035",-3.07,140,"1,085"
QV 미국 IT TOP5 ETN(H),"20,040",-1.23,140,662
TRUE 인버스 2X 코스닥 150 선물 ETN,"14,005",1.74,140,"795,869"
하나 인버스 2X 코스닥150 선물 ETN,"13,980",1.56,140,164
메리츠 레버리지 미국채30년 ETN(H),"6,990",2.12,140,"114,316"
KODEX 미국ETF산업Top10 Indxx,"11,175",0.00,140,"2,128"
KBSTAR 채권혼합,"58,165",0.24,140,6
FOCUS ESG리더스,"9,925",-0.70,139,8
ARIRANG 선진국MSCI(합성 H),"10,650",0.42,138,"25,096"
TIGER 200 금융,"6,510",0.23,138,"4,088"
신한 인버스 2X 구리 선물 ETN,"2,755",4.16,138,"37,566"
대신 인버스 2X 코스닥 150 선물 ETN,"13,700",-0.04,137,2
KBSTAR V&S셀렉트밸류채권혼합,"11,395",-0.44,137,768
KODEX 운송,"5,055",0.70,136,"59,897"
KODEX 미국나스닥100선물인버스(H),"12,360",0.32,136,"45,419"
VITA MZ소비액티브,"7,995",-0.93,136,"65,644"
TIGER 미국달러선물레버리지,"12,320",0.98,136,"11,829"
KBSTAR 글로벌메타버스Moorgate,"7,725",-0.77,135,267
삼성 인버스 2X HSCEI ETN(H),"13,475",3.77,135,"1,098"
대신 S&P 인버스 WTI원유 선물 ETN,"13,460",-2.46,135,12
KODEX 최소변동성,"11,065",0.00,133,-
신한 인버스 금 선물 ETN(H),"6,630",0.30,133,"2,004"
KODEX 코스닥150롱코스피200숏선물,"8,775",-0.11,132,172
TRUE 인버스 플래티넘 선물 ETN,"13,150",1.54,132,3
TIMEFOLIO Korea플러스배당액티브,"10,400",0.05,131,"13,981"
메리츠 인버스 국채30년 ETN,"13,095",-1.06,131,1
KODEX 미국S&P500산업재(합성),"22,805",0.51,131,615
ARIRANG 우주항공&UAM iSelect,"10,050",-0.89,131,"9,959"
KODEX 구리선물(H),"7,255",-1.96,131,"4,441"
TRUE 인버스 은 선물 ETN,"13,035",0.00,130,-
TIGER 200 철강소재,"8,915",-2.62,130,"9,446"
ACE 일본Nikkei225(H),"18,505",1.15,130,370
KBSTAR 중국MSCI China(H),"8,610",-1.60,129,"5,064"
삼성 인버스 HSCEI ETN(H),"12,905",2.02,129,7
QV 레버리지 은 선물 ETN(H),"12,895",0.00,129,-
신한 USD K200 선물 바이셀 ETN,"6,445",0.00,129,-
메리츠 인버스 2X 미국채30년 ETN(H),"12,865",-2.06,129,320
삼성 인버스 2X 구리 선물 ETN(H),"2,570",3.63,129,"65,442"
KB 레버리지 KOSDAQ 150 선물 ETN,"25,625",-0.76,128,"24,038"
KBSTAR 헬스케어채권혼합,"10,670",-0.28,128,"1,200"
미래에셋 인버스 2X 옥수수 선물 ETN,"12,720",5.04,127,"13,501"
KODEX TDF2050액티브,"10,560",0.28,127,"3,623"
BNK 주주가치액티브,"11,495",-0.86,126,"1,935"
TIGER 200동일가중,"10,995",0.00,126,-
ARIRANG 200선물인버스2X,"5,870",1.73,126,"19,273"
KB 인버스 2X 항셍테크 선물 ETN,"12,605",4.82,126,"8,166"
HANARO 글로벌탄소배출권선물ICE(합성),"12,595",0.16,126,"12,230"
TRUE 레버리지 유로스탁스50 ETN(H) B,"12,565",1.05,126,84
KOSEF 고배당,"9,290",-0.43,125,"1,551"
신한 인버스 옥수수 선물 ETN(H),"6,265",1.70,125,517
TIMEFOLIO 탄소중립액티브,"9,625",-0.77,125,461
하나 S&P 레버리지 WTI원유 선물 ETN,"12,510",5.79,125,"2,528"
신한 블룸버그 레버리지 WTI원유 선물 ETN,"12,490",5.76,125,"117,207"
메리츠 레버리지 은 선물 ETN(H),"12,480",-3.41,125,131
QV 블룸버그 2X WTI원유선물 ETN,"12,460",5.41,125,"5,651"
대신 2X 철광석 선물 ETN(H),"12,360",-4.67,124,738
SOL 국고채3년,"101,825",0.10,123,93
메리츠 인버스 2X 대표 농산물 선물 ETN(H),"12,290",1.78,123,"2,281"
TIGER 유로스탁스레버리지(합성 H),"9,420",0.86,122,"1,246"
대덕1우,"10,090",1.10,122,"2,993"
TRUE 인버스 베트남 VN30 선물 ETN(H),"12,225",-0.41,122,1
삼성 레버리지 항셍테크 ETN(H),"2,035",-4.46,122,"172,874"
KB 레버리지 KOSPI 200 선물 ETN,"24,400",-0.41,122,"8,630"
KODEX 200exTOP,"11,065",0.00,122,-
신한 FnGuide 메타버스 ETN,"6,055",-2.18,121,76
JW중외제약2우B,"60,500",0.00,121,3
삼성 인버스 항셍테크 ETN(H),"12,095",3.38,121,"4,245"
메리츠 인버스 미국채10년 ETN(H),"12,090",-0.49,121,1
ARIRANG 고배당주채권혼합,"10,955",0.09,121,"2,332"
대신 S&P500 VIX S/T 선물 ETN,"11,900",-1.49,119,737
KB S&P 유럽탄소배출권 선물 ETN(H),"11,900",0.00,119,1
메리츠 블룸버그 레버리지 WTI선물 ETN(H),"11,860",5.19,119,"34,547"
KODEX 미국클린에너지나스닥,"9,120",-0.44,119,"4,621"
SOL 코스닥150,"10,955",-1.31,118,19
신한 달러인덱스 선물 ETN(H),"11,825",-0.08,118,31
KB S&P 레버리지 WTI원유 선물 ETN(H),"11,815",4.84,118,"36,158"
삼성 인버스 코스피 200 선물 ETN,"11,785",0.86,118,"60,329"
신한 인버스 콩 선물 ETN(H),"5,885",0.09,118,159
KOSEF 코스닥150,"5,600",-0.80,118,73
메리츠 대표 농산물 선물 ETN(H),"11,760",-0.80,118,3
TIGER LG그룹+펀더멘털,"9,320",-0.75,117,"2,117"
KODEX KRX300레버리지,"11,710",-1.76,117,495
TRUE 인버스 금 선물 ETN,"11,675",0.86,117,2
ACE 글로벌메타버스테크액티브,"6,855",0.29,117,"1,022"
메리츠 인버스 미국채30년 ETN(H),"11,605",-0.85,116,4
KOSEF 국고채10년레버리지,"104,945",0.90,115,680
TRUE S&P500 양매도 4% OTM ETN(H),"11,525",0.00,115,-
TIGER 로우볼,"11,985",-0.62,115,"5,231"
KOSEF 미국S&P500,"10,410",0.34,115,"1,900"
하나 인버스 2X 옥수수 선물 ETN(H),"11,425",4.05,114,"1,796"
넥센우,"3,160",-0.16,114,675
신한 인버스 2X 미국달러 선물 ETN,"5,685",-0.96,114,"4,014"
삼양사우,"30,600",-2.55,113,582
TRUE 금 선물 ETN,"11,320",0.00,113,-
TRUE 인버스 HSCEI ETN(H) B,"11,305",1.94,113,"2,305"
SK증권우,"2,885",-1.20,113,"6,044"
메리츠 인버스 2X 국채10년 ETN,"11,225",-1.41,112,42
TRUE FnGuide IoT ETN,"11,075",1.56,111,2
신한 인버스 2X 은 선물 ETN(H),"2,215",3.50,111,"36,400"
에셋플러스 코리아대장장이액티브,"10,055",-0.64,111,"2,033"
ACE 일본TOPIX레버리지(H),"22,115",1.44,111,46
삼성 인버스 코스닥 150 선물 ETN,"11,050",1.01,111,"19,841"
ARIRANG 200선물레버리지,"27,525",-1.50,110,647
하나 인버스 코스닥150 선물 ETN,"10,980",0.69,110,57
TRUE 유로스탁스50 양매도 5% OTM ETN(H),"10,960",0.00,110,-
신한 인버스 구리 선물 ETN(H),"5,455",1.87,109,"8,131"
KBSTAR 국채선물5년추종,"47,830",0.43,109,108
대신 인버스 밀 선물 ETN(H),"10,900",-0.32,109,1
메리츠 인버스 국채10년 ETN,"10,855",0.00,109,-
ACE 골드선물 레버리지(합성 H),"15,500",-0.19,109,946
ACE 멕시코MSCI(합성),"13,520",-0.29,108,"1,826"
삼성 인버스 은 선물 ETN(H),"10,750",1.65,108,90
태양금속우,"3,255",-3.98,107,"44,404"
메리츠 레버리지 국채5년 ETN,"10,725",0.00,107,-
FOCUS AI코리아액티브,"10,705",-0.70,107,225
파워 코스피100,"24,310",-0.80,107,41
신한 레버리지 Russell 2000 ETN,"10,690",1.23,107,93
DB하이텍1우,"95,000",-1.35,107,"1,667"
TIGER 일본TOPIX(합성 H),"16,665",-0.66,107,12
TIGER 은행,"6,915",0.29,106,"4,422"
메리츠 인버스 은 선물 ETN(H),"10,610",0.00,106,-
KBSTAR 배터리 리사이클링iSelect,"11,515",-0.04,106,"66,442"
TRUE 구리 선물 ETN,"10,570",0.00,106,-
KB KRX ESG Eco ETN,"10,570",0.48,106,3
JW중외제약우,"32,400",1.25,106,361
TIGER KRX300,"15,015",-0.43,105,17
미래에셋 FnGuide 부산엑스포 추가수익 ETN,"10,490",0.00,105,-
SOL KRX300,"14,985",-0.56,105,2
KODEX 200동일가중,"10,485",-0.90,105,124
메리츠 국채5년 ETN,"10,425",0.00,104,-
KODEX Fn K-뉴딜디지털플러스,"8,670",-0.57,104,542
메리츠 레버리지 국채3년 ETN,"10,370",0.00,104,-
TRUE 인버스 2X S&P500 선물 ETN(H),"2,065",0.00,103,"50,219"
삼성 인버스 나스닥 100 ETN(H),"10,315",0.10,103,39
대신 알루미늄 선물 ETN(H),"10,305",-0.91,103,72
KODEX 혁신기술테마액티브,"11,440",-1.00,103,60
KBSTAR 미국고정배당우선증권ICE TR,"10,280",0.24,103,"1,037"
KODEX KTOP30,"17,130",-1.13,103,185
메리츠 인버스 3X 국채10년 ETN,"20,550",-0.92,103,19
TIGER 글로벌사이버보안INDXX,"9,160",0.11,103,"1,135"
KOSEF 물가채KIS,"102,545",0.20,103,26
메리츠 국채3년 ETN,"10,250",-0.05,103,"90,000"
HANARO 탄소효율그린뉴딜,"7,880",-0.57,102,89
SOL 유럽탄소배출권선물S&P(H),"14,635",0.27,102,"5,867"
KODEX 미국스마트모빌리티S&P,"6,380",-1.24,102,"2,217"
메리츠 인버스 3X 국채5년 ETN,"20,405",0.00,102,-
TRUE 레버리지 베트남 VN30 선물 ETN(H),"10,175",-0.78,102,"90,088"
QV S&P500 버퍼10% 6월 ETN(H),"10,170",0.00,102,-
KB 인버스 2X S&P 500 선물 ETN,"10,170",0.49,102,"2,160"
메리츠 인버스 구리 선물 ETN(H),"10,160",2.11,102,"1,646"
삼성 인버스 구리 선물 ETN(H),"10,155",2.11,102,227
한국ANKOR유전,145,-2.03,102,"2,101,707"
KTOP 코스피50,"22,560",-0.70,102,399
QV US 500 월간레버리지 ETN(H),"20,305",0.00,102,-
하나 iSelect-WG 탄소중립 ESG ETN,"10,125",0.00,101,-
SOL 24-06 국고채액티브,"100,785",0.13,101,121
메리츠 인버스 3X 국채3년 ETN,"20,115",0.00,101,-
삼성 인버스 금 선물 ETN(H),"10,055",0.55,101,3
QV S&P500 VIX S/T 선물 ETN C,"5,025",-1.95,101,"2,125"
메리츠 3X 레버리지 국채3년 ETN,"20,090",0.07,100,74
QV S&P500 버퍼10% 12월 ETN(H),"10,020",0.00,100,-
QV iSelect-WG 그린에너지 ESG ETN,"10,015",0.00,100,-
SOL 차이나태양광CSI(합성),"8,345",-1.48,100,"2,883"
TIGER 코스닥150바이오테크,"7,035",-2.16,100,"149,544"
신한 인버스 은 선물 ETN(H),"4,990",1.11,100,"10,134"
메리츠 금 선물 ETN(H),"9,975",0.00,100,-
삼성 금 선물 ETN(H),"9,965",-0.15,100,1
메리츠 3X 레버리지 국채5년 ETN,"19,890",0.53,99,25
KB 인버스 2X 은 선물 ETN(H),"19,855",2.69,99,"1,197"
KODEX TDF2030액티브,"10,435",0.14,99,212
KBSTAR KRX300,"15,225",-0.75,99,"1,205"
신한 인버스 Russell 2000 ETN,"9,895",-0.55,99,3
미래에셋 인도네시아 Top5 ETN,"9,880",1.44,99,"3,145"
ARIRANG S&P글로벌인프라,"14,020",0.65,98,26
TIGER 한중전기차(합성),"10,325",-1.10,98,"2,248"
에셋플러스 글로벌대장장이액티브,"10,400",1.32,98,"3,188"
메리츠 인버스 국채5년 ETN,"9,775",0.00,98,-
메리츠 인버스 2X 국채3년 ETN,"9,760",0.00,98,-
QV S&P500 버퍼10% 3월 ETN(H),"9,755",0.00,98,-
SOL 차이나육성산업액티브(합성),"7,495",-0.07,97,"1,496"
메리츠 3X 레버리지 국채10년 ETN,"19,480",1.06,97,"2,073"
메리츠 인버스 3X 국채30년 ETN,"48,540",-3.59,97,363
KODEX 일본TOPIX100,"16,180",0.43,97,327
KOSEF 미국달러선물인버스,"9,115",-0.55,97,"7,276"
ACE 원자력테마딥서치,"10,665",-1.48,96,"3,815"
메리츠 구리 선물 ETN(H),"9,585",0.00,96,-
성신양회우,"13,020",-3.34,96,"12,366"
미래에셋 인도네시아 금속&에너지 Top5 ETN,"9,570",3.13,96,"3,219"
KODEX 미국S&P바이오(합성),"23,570",-0.02,96,164
마이다스 KoreaStock액티브,"18,185",0.08,95,10
KB 인버스 2X 금 선물 ETN(H),"19,095",0.61,95,179
KB 레버리지 금 선물 ETN(H),"18,980",0.00,95,-
미래에셋 인버스 에너지화학 Core5 ETN,"4,740",-0.11,95,202
삼성 인버스 China A50 선물 ETN(H),"9,450",1.29,95,68
KOSEF 200선물인버스2X,"2,915",1.75,94,"200,736"
일양약품우,"21,200",-2.30,94,840
메리츠 인버스 2X 국채5년 ETN,"9,435",0.00,94,-
코리아써키트2우B,"12,030",-2.98,94,"91,981"
KODEX Fn웹툰&드라마,"5,525",-1.43,94,"7,265"
KB 블룸버그 레버리지 천연가스선물 ETN(H),"2,085",12.10,94,"713,175"
삼성 FnGuide 웹 3.0 ETN,"9,360",-0.32,94,3
삼성 구리 선물 ETN(H),"9,355",-2.25,94,6
TRUE 블룸버그 인도네시아 대표원자재 ETN,"9,275",0.65,93,280
ACE 글로벌브랜드TOP10블룸버그,"10,895",1.44,93,"228,858"
태영건설우,"7,110",-2.47,93,"1,439"
ACE 엔비디아채권혼합블룸버그,"11,535",1.72,92,"30,548"
TIGER 미국S&P500선물인버스(H),"4,000",0.25,92,"8,021"
KB 인버스 2X 구리 선물 ETN(H),"18,375",4.85,92,689
하나 인버스 2X 콩 선물 ETN(H),"9,185",0.22,92,955
KODEX MSCI Korea,"15,305",-1.23,92,54
삼성 인버스 2X 금 선물 ETN(H),"9,175",0.66,92,"1,263"
크라운제과우,"11,800",0.25,91,"5,595"
TIGER 미국나스닥넥스트100,"10,725",-0.19,91,105
KB FnGuide 언택트 ETN,"9,075",-0.38,91,6
KOSEF KRX100,"5,035",-0.79,91,152
ACE 미국IT인터넷S&P(합성 H),"11,320",-0.83,91,460
WOORI AI ESG액티브,"8,165",-0.85,90,569
ARIRANG 미국S&P500,"9,970",0.45,90,460
덕성우,"6,440",0.31,90,"8,652"
TRUE 은 선물 ETN,"8,945",-1.00,89,1
ARIRANG KRX300,"14,905",-0.83,89,20
KODEX 콩선물(H),"14,835",-0.10,89,112
ARIRANG 우량회사채50 1년,"110,620",0.10,88,74
TIGER 한중반도체(합성),"10,385",-0.72,88,"1,101"
TRUE 플래티넘 선물 ETN,"8,825",-0.17,88,401
남선알미우,"28,600",-1.21,88,"4,860"
ACE 코스피,"25,140",-0.89,88,75
TREX 펀더멘탈 200,"35,185",-0.64,88,2
ACE 미국달러단기채권액티브,"9,770",0.31,88,"5,117"
삼성 블룸버그 WTI원유 선물 ETN,"8,765",2.45,88,3
삼성 KRX 리츠 TOP10 월배당 ETN,"8,760",1.21,88,"11,529"
TRUE 블룸버그 WTI원유 선물 ETN,"8,735",1.93,87,2
삼성 S&P500 VIX S/T 선물 ETN(H) C,"4,365",-2.35,87,"24,358"
대신 2X 알루미늄 선물 ETN(H),"8,700",-1.47,87,778
KOSEF Fn중소형,"20,710",-0.81,87,51
메리츠 레버리지 국채10년 ETN,"8,695",0.87,87,261
삼성 나스닥 100 ETN(H),"8,655",-0.17,87,"11,538"
삼성 은 선물 ETN(H),"8,645",0.00,86,-
ACE 중장기국공채액티브,"97,105",0.23,86,2
메리츠 CSI 300 ETN,"8,640",0.00,86,-
TIMEFOLIO 미국나스닥100액티브,"9,805",0.72,86,29
ACE 싱가포르리츠,"12,320",-0.20,86,"1,685"
메리츠 미국채30년 ETN(H),"8,570",1.12,86,"14,233"
KBSTAR 미국빅데이터Top3채권혼합iSelect,"10,690",-0.09,86,"3,002"
신한 인버스 달러인덱스 선물 ETN(H),"8,545",0.00,85,580
TIMEFOLIO 미국S&P500액티브,"9,925",0.86,85,"10,088"
메리츠 은 선물 ETN(H),"8,525",-1.39,85,24
KODEX 한중전기차(합성),"10,615",-0.14,85,"2,203"
TIGER S&P글로벌인프라(합성),"12,090",0.75,85,38
삼성 KRX 2차전지 K-뉴딜 ETN,"8,440",-0.24,84,114
FOCUS 혁신기업액티브,"7,655",-0.58,84,3
ARIRANG 국채선물10년,"51,175",0.27,84,76
에셋플러스 글로벌영에이지액티브,"10,415",0.10,83,"3,101"
대상홀딩스우,"9,120",-1.30,83,"7,065"
KOSEF 미국S&P500(H),"10,395",-0.10,83,"133,253"
KB 인버스 KOSPI 200 선물 ETN,"11,870",1.24,83,44
KBSTAR KRX300레버리지,"11,845",-1.41,83,30
KODEX Fn멀티팩터,"11,810",-0.25,83,1
TIGER 우선주,"11,160",-1.11,83,"2,439"
삼성 코스피 양매도 5% OTM ETN,"8,245",0.00,82,-
TIGER 이머징마켓MSCI레버리지(합성 H),"7,210",-1.50,82,996
TREX 200,"32,815",-0.88,82,30
KOSEF 차이나A50커넥트레버리지MSCI(합성H),"10,870",-2.55,82,307
KBSTAR 글로벌수소경제Indxx,"9,590",0.31,82,"1,042"
하나 코스닥150 선물 ETN,"8,135",-0.25,81,2
KBSTAR KQ고배당,"12,510",-0.99,81,42
KOSEF 블루칩,"8,130",-0.61,81,"1,429"
HANARO 글로벌워터MSCI(합성),"10,100",0.00,81,46
SOL KEDI메가테크액티브,"11,540",-1.11,81,"2,324"
SOL 미국TOP5채권혼합40 Solactive,"10,080",-0.40,81,"9,833"
ACE 삼성그룹동일가중,"16,110",-0.71,81,26
HANARO KRX300,"14,645",-0.51,81,57
대신 천연가스 선물 ETN(H),"8,030",6.57,80,"20,062"
신한 인버스 다우존스지수 선물 ETN(H),"4,010",0.12,80,23
KB 인버스 2X KOSPI 200 선물 ETN,"16,035",1.65,80,"35,814"
KBSTAR 삼성그룹Top3채권혼합블룸버그,"9,925",-0.25,79,"20,423"
HANARO Fn K-반도체,"7,900",-1.86,79,"14,018"
KOSEF 200선물레버리지,"13,545",-1.60,79,"19,629"
KB 레버리지 구리 선물 ETN(H),"15,700",-5.02,79,43
HANARO Fn K-메타버스MZ,"7,465",-1.32,78,530
TRUE 코스닥 150 ETN,"7,830",-0.19,78,2
KOSEF 미국방어배당성장나스닥,"13,050",-0.04,78,"1,067"
ACE 레버리지,"6,000",-1.80,78,"5,232"
SOL 한국형글로벌반도체액티브,"9,990",1.63,78,"3,584"
삼성 알루미늄 선물 ETN,"7,760",-0.26,78,1
KOSEF 코스피100,"24,190",-0.82,77,97
동원시스템즈우,"29,300",-0.34,77,196
ACE 미국S&P500채권혼합액티브,"9,670",0.73,77,"2,446"
히어로즈 TDF2040액티브,"10,295",0.78,77,36
KODEX 밸류Plus,"8,575",-0.41,77,234
히어로즈 TDF2050액티브,"10,265",0.49,77,18
KB 인버스 KOSDAQ150 선물 ETN,"10,995",0.14,77,2
ACE 미국나스닥100채권혼합액티브,"9,605",1.00,77,731
ACE 중국본토CSI300레버리지(합성),"3,650",-0.82,77,"2,981"
ACE 밸류대형,"8,480",-0.82,76,20
메리츠 국채30년 ETN,"7,630",1.19,76,"1,872"
히어로즈 TDF2030액티브,"10,145",0.69,76,3
KODEX MSCI밸류,"10,865",-0.50,76,10
HANARO KAP초장기국고채,"37,925",1.08,76,"1,594"
TRUE 베트남 VN30 선물 ETN(H),"7,525",-0.46,75,79
KOSEF SK그룹대표주,"10,010",-0.50,75,410
ARIRANG 고배당저변동50,"11,525",-0.22,75,116
ARIRANG Apple채권혼합Fn,"9,970",0.00,75,"11,219"
KOSEF 독일DAX,"9,945",0.35,75,259
ACE 스마트밸류,"12,420",-0.76,75,20
VITA 밸류알파액티브,"9,910",-0.60,74,167
마이다스 KoreaStock중소형액티브,"19,815",0.10,74,6
TRUE 인버스 2X HSCEI ETN(H),"7,415",3.63,74,"25,142"
마이다스 200커버드콜5%OTM,"12,305",-0.36,74,12
KODEX TDF2040액티브,"10,525",0.33,74,536
KBSTAR 주식혼합,"36,825",-0.14,74,6
KB 레버리지 KRX 리츠 TOP 10 ETN,"7,365",1.80,74,751
TIGER 금은선물(H),"9,205",-0.27,74,952
KODEX 한중반도체(합성),"10,500",-0.94,74,8
TIMEFOLIO K컬처액티브,"7,340",-1.14,73,407
ARIRANG KS밸류가중TR,"14,610",-0.85,73,250
TIGER KTOP30,"8,585",-0.58,73,465
UNICORN R&D 액티브,"10,425",-0.52,73,21
KOSEF 차이나A50커넥트MSCI,"9,700",0.05,73,199
ARIRANG KS로우사이즈가중TR,"14,495",-0.55,72,189
TIGER MSCI KOREA ESG유니버설,"9,660",-0.16,72,155
ACE 중국과창판STAR50,"7,235",-0.41,72,"1,920"
신한 인버스 2X Russell 2000 ETN,"7,235",0.21,72,"7,628"
WOORI 200,"32,100",-1.02,72,114
KBSTAR 글로벌농업경제MV,"10,290",0.68,72,"1,029"
KODEX TSE일본리츠(H),"12,000",0.67,72,"1,222"
HANARO Fn K-푸드,"9,595",-0.62,72,"1,785"
신한 인버스 2X 10년 국채선물 ETN,"10,275",0.00,72,-
ACE 스마트퀄리티,"14,365",-1.07,72,25
SOL 한국형글로벌전기차&2차전지액티브,"9,690",0.00,72,"3,628"
TIGER 코스피중형주,"14,305",-0.63,72,16
KBSTAR KRX300미국달러선물혼합,"14,285",-0.63,71,118
대원전선우,"2,720",1.30,71,"2,263"
TIGER 의료기기,"14,255",-1.96,71,"2,914"
동부건설우,"31,550",-1.10,71,"2,223"
TIGER 경기방어채권혼합,"8,895",0.11,71,"1,322"
금강공업우,"12,050",-2.27,71,962
KODEX 미국채울트라30년선물인버스(H),"10,150",-0.88,71,"2,287"
QV US 500 ETN(H),"10,135",0.00,71,-
TIGER 200커뮤니케이션서비스,"18,580",-1.87,71,276
ACE 미국30년국채선물레버리지(합성 H),"8,825",1.85,71,"228,307"
대신 S&P WTI원유 선물 ETN,"7,050",2.69,71,102
KODEX 200 중소형,"11,730",-0.51,70,"1,780"
히어로즈 글로벌리츠이지스액티브,"9,385",1.90,70,"11,681"
ACE 스마트로우볼,"14,075",-0.71,70,20
TIGER 200커버드콜ATM,"8,795",0.11,70,"54,997"
KB 인버스 2X KOSDAQ 150 선물 ETN,"14,015",1.85,70,"110,963"
금호건설우,"23,850",-1.45,70,409
한양증권우,"13,250",-0.60,70,948
HANARO 미국S&P500,"9,915",0.10,69,216
파워 고배당저변동성,"28,875",-0.62,69,66
노루페인트우,"14,930",-0.53,69,776
ACE 미국스팩&IPO INDXX,"5,760",-0.86,69,486
신한 레버리지 10년 국채선물 ETN,"9,875",1.44,69,6
크라운해태홀딩스우,"11,490",-0.43,69,624
KODEX 모멘텀Plus,"9,845",-0.25,69,5
마이티 코스피100,"24,510",-1.05,69,2
ACE 스마트모멘텀,"13,700",-0.98,69,50
KBSTAR 유로스탁스50(H),"11,410",0.53,68,201
KODEX 경기소비재,"9,750",-1.47,68,784
메리츠 STAR 50 ETN,"6,825",0.00,68,-
깨끗한나라우,"18,610",2.93,68,"34,885"
KOSEF 차이나A50커넥트인버스MSCI(합성 H),"9,060",2.60,68,74
KBSTAR 글로벌데이터센터리츠나스닥(합성),"10,445",-0.10,68,218
미래에셋 천연가스 선물 ETN(H),"3,385",6.11,68,"402,656"
KB 레버리지 FANG 플러스 ETN(H),"13,475",0.19,67,"1,203"
메리츠 레버리지 미국채10년 ETN(H),"6,735",0.90,67,"25,789"
신한 인버스 2X S&P500 선물 ETN,"3,365",0.60,67,"36,487"
KBSTAR V&S셀렉트밸류,"13,345",-0.48,67,67
ACE 코스닥(합성),"11,110",-0.09,67,7
KBSTAR 차이나항셍테크,"5,785",-0.86,67,"14,182"
HANARO 글로벌신재생에너지MSCI(합성),"9,440",0.32,66,254
TIGER 모멘텀,"21,960",0.11,66,5
하이트진로홀딩스우,"13,990",-0.07,66,72
ACE 일본TOPIX인버스(합성 H),"3,860",-0.26,66,"1,873"
HANARO Fn5G산업,"10,905",-1.58,65,90
ACE Fn성장소비주도주,"6,490",-0.76,65,94
HANARO 농업융복합산업,"11,775",-0.46,65,194
KBSTAR 수출주,"10,735",-0.42,64,6
ARIRANG 코스피,"25,505",-0.64,64,45
TRUE 인버스 2X 유로스탁스50 ETN(H),"2,125",-0.70,64,"165,092"
ARIRANG 심천차이넥스트(합성),"10,540",-1.50,63,59
KODEX 국채선물3년인버스,"52,665",-0.26,63,42
서울식품우,"2,825",-0.18,63,988
KBSTAR 5대그룹주,"6,275",-0.63,63,399
삼성 HSCEI ETN(H),"6,270",-1.95,63,700
ARIRANG KS모멘텀가중TR,"12,500",-0.36,63,192
KB 레버리지 은 선물 ETN(H),"12,495",-3.33,62,158
HANARO Fn친환경에너지,"8,895",-0.61,62,"15,097"
HANARO 고배당,"11,245",-1.23,62,"1,341"
TIGER 차이나항셍25,"13,540",-1.38,61,"1,462"
KODEX MSCI모멘텀,"10,150",-0.10,61,9
SOL KRX기후변화솔루션,"10,130",0.00,61,11
KB 레버리지 KRX 2차전지 K-뉴딜 ETN,"6,055",0.08,61,"3,958"
계양전기우,"5,180",0.19,61,622
MASTER 테크미디어텔레콤액티브,"8,070",-1.22,61,719
KOSEF 릭소글로벌디지털경제MSCI,"7,560",1.54,60,5
ARIRANG K-유니콘투자기업액티브,"10,055",-0.89,60,12
KBSTAR KRX기후변화솔루션,"10,045",-0.05,60,191
ARIRANG 신흥국MSCI인버스(합성 H),"11,545",1.45,60,119
ACE 스마트하이베타,"11,980",-1.07,60,20
HANARO Fn조선해운,"9,945",-0.55,60,"17,499"
삼성 레버리지 KRX 2차전지 K-뉴딜 ETN,"5,930",-0.59,59,"1,737"
KBSTAR 200IT,"13,465",-0.96,59,"4,439"
ACE 베트남VN30선물블룸버그레버리지(H),"8,410",-1.41,59,"220,411"
ARIRANG 글로벌MSCI(합성 H),"15,090",-0.03,59,62
HANARO 원자력iSelect,"9,805",-1.11,59,"1,145"
KODEX 차이나메타버스액티브,"9,800",-1.75,59,"5,189"
TIGER 200커버드콜5%OTM,"11,630",-0.85,58,528
KB KOSPI 200 선물 ETN,"8,295",-0.06,58,8
TIGER 200 산업재,"6,310",0.32,58,168
KODEX 국채선물10년인버스,"53,160",-0.50,57,"2,116"
대신 인버스 철광석 선물 ETN(H) B,"5,735",2.41,57,"1,948"
KB KOSDAQ 150 선물 ETN,"8,190",-0.73,57,5
대신 S&P 2X 천연가스 선물 ETN,"1,905",15.11,57,"246,385"
KBSTAR 중소형고배당,"11,390",-0.61,57,257
현대비앤지스틸우,"51,800",-0.77,57,190
ACE 싱가포르리츠채권혼합모닝스타,"9,410",0.00,56,1
노루홀딩스우,"23,050",-0.86,56,"1,345"
메리츠 레버리지 KRX300 선물 ETN,"5,600",0.00,56,-
ARIRANG 단기채권액티브,"107,665",0.03,56,1
신한 인버스 2X 금 선물 ETN,"5,585",1.18,56,"12,720"
SK네트웍스우,"49,000",-1.01,56,483
ARIRANG 탄소효율그린뉴딜,"7,950",-0.69,56,45
HANARO KRX기후변화솔루션,"10,055",0.10,55,244
삼성 항셍테크 ETN(H),"5,505",-1.52,55,"5,433"
KBSTAR 미국장기국채선물(H),"9,150",0.60,55,"6,472"
TIGER 코스피대형주,"12,180",-0.57,55,94
ARIRANG K리츠Fn,"7,795",1.04,55,140
ARIRANG 국채선물3년,"52,410",0.00,55,-
ACE 국채선물10년인버스,"108,810",0.00,54,-
TIGER 라틴35,"3,885",1.30,54,"3,253"
HK S&P코리아로우볼,"12,085",0.00,54,-
ACE 차세대가치주액티브,"10,875",-0.28,54,192
KODEX K-이노베이션액티브,"9,875",-0.85,54,375
KBSTAR 200고배당커버드콜ATM,"7,755",-0.45,54,"4,748"
HK 베스트일레븐액티브,"7,755",0.00,54,-
ACE 필리핀MSCI(합성),"13,545",-0.18,54,67
흥국화재우,"7,040",-0.28,54,"5,194"
TIGER 200 경기소비재,"15,000",-0.70,54,165
ARIRANG KS로우볼가중TR,"11,970",-0.58,54,299
CJ씨푸드1우,"26,900",1.89,54,288
TRUE 인버스 나스닥 100 ETN,"5,375",0.94,54,496
SOL 한국형글로벌플랫폼&메타버스액티브,"9,510",-0.47,53,"1,595"
KBSTAR 우량업종,"10,625",0.00,53,8
WOORI 미국S&P우주항공&디펜스,"10,620",0.81,53,122
ACE 국채선물3년인버스,"105,830",0.00,53,-
ARIRANG 스마트베타Quality채권혼합,"10,580",-0.24,53,81
KOSEF 미국ETF산업STOXX,"10,555",0.33,53,18
TIGER 지주회사,"9,575",-0.21,53,"1,059"
KOSEF 코스닥150선물레버리지,"3,835",-1.79,52,"27,084"
미래에셋 S&P 2X 천연가스 선물 ETN(H),"2,085",12.70,52,"136,177"
ARIRANG KS퀄리티가중TR,"12,970",-0.80,52,112
HANARO 글로벌백신치료제MSCI,"10,340",0.00,52,-
KOSEF 코스닥150선물인버스,"8,685",0.87,51,"11,579"
KBSTAR 헬스케어,"10,240",-0.87,51,"1,852"
미래에셋 인버스 전기전자 Core5 ETN,"2,555",0.99,51,1
KBSTAR Fn창업투자회사,"7,095",-1.60,51,393
삼성 KRX BBIG K-뉴딜 ETN,"5,105",0.00,51,2
성문전자우,"8,490",-3.30,51,655
유유제약2우B,"15,590",-0.70,51,609
TIGER 200에너지화학레버리지,"11,230",-0.62,51,"3,873"
KBSTAR TDF2030액티브,"10,065",0.90,50,176
KOSEF 200선물인버스,"6,210",0.89,50,"2,808"
ACE Fn5G플러스,"7,185",-1.58,50,815
KBSTAR TDF2040액티브,"10,040",0.96,50,685
TRUE 인버스 유로스탁스50 ETN(H) B,"5,015",-0.59,50,"3,555"
KBSTAR TDF2050액티브,"10,025",1.01,50,"3,043"
TIGER 증권,"3,965",0.25,50,"6,894"
HANARO 200선물인버스,"11,070",0.91,50,"1,268"
KBSTAR 차이나H선물인버스(H),"12,430",2.39,50,484
KBSTAR 200중공업,"9,380",-0.16,49,"1,551"
히어로즈 리츠이지스액티브,"7,495",0.81,49,67
WOORI 미국S&P500,"9,660",0.31,48,51
KODEX MSCI퀄리티,"8,025",-1.05,48,100
ARIRANG 200동일가중,"9,620",-0.67,48,20
TIGER 코스닥150IT,"13,355",-0.63,48,"1,160"
HANARO Fn골프테마,"6,820",-1.52,48,239
KBSTAR 모멘텀로우볼,"13,620",-0.44,48,6
KODEX MSCI EM선물(H),"7,765",-0.64,47,504
MASTER 스마트커머스액티브,"7,760",-0.70,47,310
KBSTAR 모멘텀밸류,"13,170",-0.45,46,6
SOL 차이나강소기업CSI500(합성 H),"5,110",-0.78,46,"2,838"
KODEX 멀티에셋하이인컴(H),"9,160",0.00,46,-
ACE 차이나항셍테크,"5,700",-2.06,46,"2,169"
ARIRANG 코스닥150,"11,370",-1.04,45,339
ARIRANG 코스닥150선물인버스,"7,500",0.27,45,"5,139"
TIGER 200 생활소비재,"8,900",-0.34,45,"3,356"
KBSTAR 미국장기국채선물레버리지(합성 H),"7,370",0.89,44,"13,559"
ARIRANG 글로벌D램반도체iSelect,"11,000",0.55,44,584
QV 인버스 레버리지 S&P500 ETN,"2,175",-0.46,44,2
진흥기업우B,"5,060",-1.94,43,"1,183"
KBSTAR Fn K-뉴딜디지털플러스,"8,665",-0.40,43,12
KBSTAR Fn플랫폼테마,"7,715",-1.15,43,741
ARIRANG 중형주저변동50,"10,620",-0.89,42,31
마이티 200커버드콜ATM레버리지,"7,075",-1.26,42,1
미래에셋 인버스 원유선물혼합 ETN(H),"4,225",-2.42,42,722
ARIRANG 코스피중형주,"10,530",-0.80,42,20
HK 하이볼액티브,"7,610",-1.23,42,4
메리츠 블룸버그 2X 천연가스 선물 ETN(H),"2,090",12.37,42,"78,328"
ARIRANG 글로벌수소&차세대연료전지MV,"8,230",0.73,41,"1,291"
동양2우B,"13,070",0.08,40,"1,685"
동양우,"6,520",-0.46,40,"4,180"
진흥기업2우B,"13,630",0.66,40,193
KBSTAR 코스닥150선물인버스,"4,995",0.50,40,"4,472"
KBSTAR 팔라듐선물(H),"7,990",-2.08,40,"13,995"
KODEX 퀄리티Plus,"7,985",-1.36,40,"1,767"
KBSTAR 200금융,"8,435",0.60,39,"1,367"
HANARO 코스닥150선물레버리지,"7,740",-2.03,39,"1,822"
TIGER 금속선물(H),"6,450",-1.30,39,"1,038"
HANARO 미국메타버스iSelect,"8,600",0.58,39,100
ARIRANG 글로벌희토류전략자원기업MV,"8,325",-0.66,37,"3,131"
TRUE 레버리지 HSCEI ETN(H),"3,690",-3.91,37,"221,375"
KODEX 골드선물인버스(H),"7,190",0.28,36,"1,110"
TIGER 방송통신,"7,790",-0.57,36,"9,343"
ACE 인버스,"5,915",0.94,35,"3,629"
메리츠 천연가스 선물 ETN(H),"3,395",6.59,34,"58,559"
삼성 레버리지 HSCEI ETN(H),"3,225",-3.59,32,"4,114"
TIGER KRX BBIG K-뉴딜레버리지,"3,050",-0.97,32,"14,696"
흥국화재2우B,"19,620",0.00,30,"5,366"
KBSTAR 200경기소비재,"9,415",-0.79,30,25
KBSTAR 미국장기국채선물인버스(H),"9,860",-0.70,30,49
ARIRANG 주도업종,"8,405",-0.53,29,21
KBSTAR 글로벌원자력iSelect,"9,690",0.21,29,638
ARIRANG 글로벌인공지능산업MV,"9,265",0.32,28,"7,045"
KBSTAR 미국장기국채선물인버스2X(합성 H),"9,170",-1.19,28,218
KBSTAR 팔라듐선물인버스(H),"5,155",3.00,26,"1,060"
신한 인버스 브렌트원유 선물 ETN(H),"2,550",-1.54,26,2
KBSTAR 200건설,"11,515",-1.24,23,207
ARIRANG 미국대체투자Top10MV,"11,480",0.97,23,237
ARIRANG ESG우수기업,"9,150",-0.05,23,142
KB 레버리지 KRX BBIG K-뉴딜 ETN,"2,210",-3.70,22,120
ARIRANG KRX300헬스케어,"7,880",-1.25,22,"12,001"
삼성 레버리지 KRX BBIG K-뉴딜 ETN,"2,185",-4.17,22,56
ARIRANG TDF2060액티브,"10,390",1.17,22,228
ARIRANG TDF2040액티브,"10,160",0.59,21,95
하나 블룸버그 2X 천연가스 선물 ETN(H),"2,095",12.94,21,"125,450"
ARIRANG TDF2030액티브,"10,120",0.55,20,346
KBSTAR 국채30년레버리지KAP(합성),"19,255",3.13,19,"151,683"
KBSTAR 200철강소재,"8,730",-2.57,19,"2,300"
ARIRANG TDF2050액티브,"10,125",0.85,18,183
KBSTAR 200커뮤니케이션서비스,"11,645",-1.48,16,13
KBSTAR 200생활소비재,"6,750",-0.07,15,565
KBSTAR 200에너지화학,"10,580",-0.61,15,108
KBSTAR 200산업재,"11,615",0.65,12,13
QV 블룸버그 2X 천연가스 선물 ETN(H),"2,075",13.70,10,"52,226"
